"key","nb","en","tr"
"clientExtra.calendar","Legg til i kalender","Add to calendar","Takvime ekle"
"clientExtra.configured","Tilkoblet; leverandørtest gjenstår","Connected; provider test pending","Bağlı; sağlayıcı testi bekliyor"
"clientExtra.consent_only","Kun etter samtykke","Only with consent","Yalnızca izinle"
"clientExtra.demand","Forventede forespørsler neste uke","Expected requests next week","Gelecek hafta beklenen talepler"
"clientExtra.emailQueue","E-poststatus","Email status","E-posta durumu"
"clientExtra.live","Åpen","Open","Açık"
"clientExtra.mae","Gjennomsnittlig testfeil","Mean test error","Ortalama test hatası"
"clientExtra.manual","Denne avtalen må følges opp manuelt. Ta kontakt før endring.","This agreement needs manual follow-up. Contact us before making changes.","Bu anlaşma manuel takip gerektirir. Değişiklikten önce iletişime geçin."
"clientExtra.messageInbox","Henvendelser","Enquiries","Başvurular"
"clientExtra.noMail","Ingen e-post sendt.","No email sent.","E-posta gönderilmedi."
"clientExtra.noService","Velg en tjeneste først.","Choose a service first.","Önce bir hizmet seçin."
"clientExtra.not_configured","Ikke tilkoblet","Not connected","Bağlı değil"
"clientExtra.offerChanged","Tilbudet er endret. Last siden på nytt og les den nye prisen.","The offer has changed. Reload the page and review the new price.","Teklif değişti. Sayfayı yenileyip yeni ücreti inceleyin."
"clientExtra.preview","Forhåndsvisning","Preview","Önizleme"
"clientExtra.range","Historisk spenn","Historical range","Geçmiş değişkenlik aralığı"
"clientExtra.saved","Lagret.","Saved.","Kaydedildi."
"clientExtra.slotError","Velg en ledig tid først.","Choose an available time first.","Önce uygun bir saat seçin."
"clientExtra.testEmail","Bruk en e-post som slutter på .test eller .invalid i testen.","Use an email ending in .test or .invalid for this test.","Test için .test veya .invalid ile biten bir e-posta kullanın."
"clientExtra.time","Velg en gyldig tid. Klokkeslett som forekommer to ganger ved vintertid kan ikke brukes.","Choose a valid time. Repeated times during the autumn clock change cannot be used.","Geçerli bir saat seçin. Kış saatine geçişte iki kez oluşan saatler kullanılamaz."
"clientExtra.timeZone","Alle klokkeslett vises i Europe/Oslo.","All times are shown in Europe/Oslo.","Tüm saatler Europe/Oslo saat dilimindedir."
"clientExtra.total","Faktiske forespørsler","Real requests","Gerçek talepler"
"texts.add","Legg til","Add","Ekle"
"texts.admin","Administrasjon","Administration","Yönetim"
"texts.adminDenied","Du har ikke tilgang til administrasjonen.","You do not have access to administration.","Yönetim bölümüne erişim yetkiniz yok."
"texts.adminIntro","Samtaler, henvendelser og bruk av innhold. Testdata vises separat.","Calls, enquiries and content use. Test records are shown separately.","Görüşmeler, başvurular ve içerik kullanımı. Test kayıtları ayrı gösterilir."
"texts.adminTitle","Oversikt for NAVIAR CARE","NAVIAR CARE overview","NAVIAR CARE yönetim özeti"
"texts.allow","Tillat analyse","Allow analytics","Analize izin ver"
"texts.analyticsNote","Kun besøk med tillatt analyse. Synlighet og tid på skjermen er tegn på interesse, ikke bevis på at innhold er lest eller forstått.","Only visits with analytics consent. Visibility and time on screen suggest interest; they do not prove content was read or understood.","Yalnızca analiz izni verilen ziyaretler. Görünürlük ve ekranda kalma süresi ilgi göstergesidir; içeriğin okunduğunu veya anlaşıldığını kanıtlamaz."
"texts.analyticsTitle","Bruk av innhold · siste 30 dager","Content use · last 30 days","İçerik kullanımı · son 30 gün"
"texts.back","Tilbake","Back","Geri"
"texts.book","Finn en tid","Find a time","Saat seç"
"texts.bookingDemoSuccess","Testsamtalen er registrert. Dette er ikke en ekte avtale.","Your test call is registered. This is not a real appointment.","Test görüşmeniz kaydedildi. Bu gerçek bir randevu değildir."
"texts.bookingIntro","Velg hva du ønsker hjelp med, og en ledig samtaletid. Tidene vises i norsk tid (Europe/Oslo). En samtale er ikke en bekreftelse på hjemmebesøk.","Choose the support you would like and an available call time. Times are shown in Norwegian time (Europe/Oslo). A call does not confirm a home visit.","İstediğiniz desteği ve uygun görüşme saatini seçin. Saatler Norveç saatine (Europe/Oslo) göre gösterilir. Görüşme, ev ziyareti onayı anlamına gelmez."
"texts.bookingSuccess","Samtaletiden er registrert.","Your call time is registered.","Görüşme saatiniz kaydedildi."
"texts.bookingTitle","La oss begynne<br>med en samtale.","Let us begin<br>with a conversation.","Bir görüşmeyle<br>başlayalım."
"texts.cancel","Avbestill","Cancel booking","İptal et"
"texts.cancelConfirm","Vil du avbestille denne samtalen?","Do you want to cancel this call?","Bu görüşmeyi iptal etmek istiyor musunuz?"
"texts.cancelled","Avbestilt","Cancelled","İptal edildi"
"texts.choose","Velg","Choose","Seç"
"texts.closeText","Vi begynner med en samtale om det du ønsker.","We begin with a conversation about what you would like.","Ne istediğinizi konuşarak başlarız."
"texts.closeTitle","En hverdag med<br><em>plass til deg.</em>","Everyday life.<br><em>With room for you.</em>","Size yer açan<br><em>bir gündelik hayat.</em>"
"texts.configTitle","Tilkoblinger","Connections","Bağlantılar"
"texts.confirm","Bekreft samtaletiden","Confirm call time","Görüşme saatini onayla"
"texts.confirmed","Registrert","Registered","Kaydedildi"
"texts.conflict","Tiden er ikke lenger ledig. Velg en annen tid.","That time is no longer available. Please choose another.","Bu saat artık uygun değil. Lütfen başka bir saat seçin."
"texts.consentSaved","Analysevalget er lagret.","Your analytics choice is saved.","Analiz tercihiniz kaydedildi."
"texts.consentText","Med ditt valg kan vi telle hvilke innholdsområder som vises og brukes. Vi sender ikke navn, kontaktdetaljer eller skjematekst til analysen. Valget påvirker ikke hjelpen du får.","With your choice, we can count which content areas are viewed and used. We do not send names, contact details or form text to analytics. Your choice does not affect your support.","İzin verirseniz hangi içerik alanlarının görüntülendiğini ve kullanıldığını sayabiliriz. Ad, iletişim bilgisi ve form metni analize gönderilmez. Tercihiniz alacağınız desteği etkilemez."
"texts.consentTitle","Vil du hjelpe oss å forbedre siden?","Would you help us improve this site?","Sayfayı geliştirmemize yardım eder misiniz?"
"texts.contact","Ta kontakt","Contact us","İletişim"
"texts.contactIntro","Send et spørsmål om tjenesten, eller meld interesse for å bli hjelper. Unngå helseopplysninger og opplysninger om andre.","Ask about the service or express interest in becoming a helper. Avoid health information and information about other people.","Hizmet hakkında bir soru sorun veya yardımcı olmakla ilgilendiğinizi belirtin. Sağlık bilgisi ve başkalarının bilgilerini paylaşmayın."
"texts.contactTitle","Hva vil du<br>snakke med oss om?","What would you<br>like to talk about?","Ne hakkında<br>konuşmak istersiniz?"
"texts.createSlot","Legg ut samtaletid","Add a call time","Görüşme saati ekle"
"texts.date","Dato","Date","Tarih"
"texts.decline","Avslå analyse","Decline analytics","Analizi reddet"
"texts.demo","Forhåndsvisning · Ingen hjemmebesøk eller betaling er åpnet.","Preview · Home visits and payments are not open.","Önizleme · Ev ziyaretleri ve ödeme henüz açılmadı."
"texts.demoLabel","Test","Test","Test"
"texts.details","Detaljer","Details","Ayrıntılar"
"texts.duration","Varighet i minutter","Duration in minutes","Süre (dakika)"
"texts.email","E-post","Email","E-posta"
"texts.engaged","Engasjerte visninger","Engaged views","İlgili görüntüleme"
"texts.error","Noe gikk galt. Opplysningene dine står fortsatt i skjemaet. Prøv igjen.","Something went wrong. Your details are still in the form. Please try again.","Bir sorun oluştu. Bilgileriniz formda duruyor. Lütfen tekrar deneyin."
"texts.eyebrow","HJELP I NABOLAGET. ROM FOR LIVET.","SUPPORT NEARBY. ROOM FOR LIFE.","YAKININIZDA DESTEK. HAYATA YER AÇIN."
"texts.familyConsent","Den som får hjelp bestemmer hva som deles. Å betale for et besøk gir ikke automatisk tilgang til private opplysninger.","The person receiving help decides what is shared. Paying for a visit does not automatically grant access to private information.","Hangi bilgilerin paylaşılacağına yardımı alan kişi karar verir. Ziyaretin ücretini ödemek, özel bilgilere otomatik erişim sağlamaz."
"texts.familyEyebrow","FOR DEG SOM ER PÅRØRENDE","FOR FAMILY MEMBERS","YAKINLAR İÇİN"
"texts.familyLink","Slik ivaretar vi valgene dine","How we respect your choices","Tercihlerinizi nasıl koruyoruz?"
"texts.familyText","Det er godt å kunne stille opp. Men du kan ikke alltid være der. Vi vil gjøre det enklere å finne praktisk støtte rundt den du er glad i.","You want to be there. But you cannot always be nearby. We want to make it easier to find practical support around someone you care about.","Yanında olmak istersiniz. Ama her zaman orada olamayabilirsiniz. Sevdiğiniz kişinin çevresinde gündelik destek bulmayı kolaylaştırmak istiyoruz."
"texts.familyTitle","Være nær.<br>Også på avstand.","Be close.<br>Even from a distance.","Uzakta olsanız da<br>yakın kalın."
"texts.faqTitle","Det du kanskje lurer på","Questions you may have","Aklınızdaki sorular"
"texts.faqs.0.0","Kan jeg bestille hjelp nå?","Can I book support now?","Şimdi yardım ayarlayabilir miyim?"
"texts.faqs.0.1","Hjemmebesøk er ikke åpnet. Du kan utforske tjenestene og prøve samtalebestillingen med testopplysninger.","Home visits are not open. You can explore the service and try call booking using test details.","Ev ziyaretleri henüz açılmadı. Hizmetleri inceleyebilir ve görüşme akışını test bilgileriyle deneyebilirsiniz."
"texts.faqs.1.0","Hvor tilbyr dere hjelp?","Where do you offer support?","Hangi bölgelerde hizmet veriyorsunuz?"
"texts.faqs.1.1","Det første tjenesteområdet er ikke bekreftet. Vi vil opplyse om steder og kapasitet før hjemmebesøk åpnes.","The first service area is not confirmed. Locations and capacity will be explained before home visits open.","İlk hizmet bölgesi henüz doğrulanmadı. Ev ziyaretleri açılmadan önce yerler ve kapasite açıklanacak."
"texts.faqs.2.0","Får jeg den samme hjelperen?","Will I see the same helper?","Hep aynı yardımcı mı gelecek?"
"texts.faqs.2.1","Kontinuitet er et mål. Faste hjelpere, vikarer og kapasitet må avklares før oppstart.","Continuity is a goal. Regular helpers, replacements and capacity need to be arranged before launch.","Süreklilik hedefimiz. Sabit yardımcılar, yedekler ve kapasite açılıştan önce netleşmeli."
"texts.faqs.3.0","Kan familien bestille for meg?","Can my family book for me?","Ailem benim için rezervasyon yapabilir mi?"
"texts.faqs.3.1","En pårørende kan be om en samtale. Hjelpen og eventuell deling av opplysninger må avklares med den som skal få hjelp.","A family member can request a call. Support and any information sharing must be agreed with the person receiving help.","Bir yakınınız görüşme isteyebilir. Yardım ve bilgi paylaşımı, yardımı alacak kişiyle netleştirilmeli."
"texts.faqs.4.0","Hva skjer hvis en hjelper ikke kommer?","What if a helper does not arrive?","Yardımcı gelmezse ne olur?"
"texts.faqs.4.1","Besøket skal følges opp av en ansvarlig koordinator. Kontaktvei og alternativ hjelp må være avtalt før tjenesten åpner.","A responsible coordinator should follow up. Contact details and alternative support must be agreed before the service opens.","Sorumlu bir koordinatör ziyareti takip etmeli. İletişim yolu ve alternatif destek hizmet açılmadan belirlenmeli."
"texts.faqs.5.0","Er dette hjemmesykepleie?","Is this home nursing?","Bu bir evde hemşirelik hizmeti mi?"
"texts.faqs.5.1","Nei. NAVIAR CARE er et konsept for praktisk og sosial støtte, og erstatter ikke helsehjelp.","No. NAVIAR CARE is a concept for practical and social support. It does not replace healthcare.","Hayır. NAVIAR CARE gündelik ve sosyal destek konseptidir. Sağlık hizmetinin yerini almaz."
"texts.footer","Praktisk hjelp. Menneskelig nærhet. På dine premisser.","Practical help. Human connection. On your terms.","Gündelik yardım. İnsani yakınlık. Sizin tercihlerinizle."
"texts.forecastEmpty","Det finnes ikke nok faktisk etterspørsel til en nyttig prognose. Testbestillinger tas ikke med. Bruk erfaringer fra samtaler mens data bygges opp.","There is not enough real demand for a useful forecast. Test bookings are excluded. Use insights from conversations while evidence builds.","Yararlı bir tahmin için henüz yeterli gerçek talep yok. Test rezervasyonları dahil edilmez. Veri oluşana kadar görüşmelerden öğrendiklerinizi kullanın."
"texts.forecastNote","En enkel ukentlig grunnprognose fra tidligere forespørsler. Intervallet viser historisk variasjon, ikke en garanti. Ingen individuelle behov beregnes.","A simple weekly baseline from past requests. The range shows historical variation, not a guarantee. Individual needs are not predicted.","Geçmiş taleplerden basit bir haftalık temel tahmin. Aralık geçmiş değişkenliği gösterir; garanti değildir. Kişisel ihtiyaç tahmini yapılmaz."
"texts.forecastTitle","Hva kan bli etterspurt?","What may be requested next?","Sonra ne talep edilebilir?"
"texts.guide.change","Endre svarene","Change my answers","Yanıtlarımı değiştir"
"texts.guide.choices.0","Få gjort praktiske oppgaver","Get practical tasks done","Günlük işleri halletmek"
"texts.guide.choices.1","Ha noen med meg ut","Have someone accompany me","Dışarı çıkarken birinin eşlik etmesi"
"texts.guide.choices.2","Ha selskap og gjøre noe hyggelig","Have company and do something enjoyable","Birlikte vakit geçirmek"
"texts.guide.choices.3","Jeg vil snakke med noen først","Talk to someone first","Önce biriyle konuşmak"
"texts.guide.frequencies.0","En enkelt gang","Once","Bir defa"
"texts.guide.frequencies.1","Jevnlig","Regularly","Düzenli olarak"
"texts.guide.frequencies.2","Jeg vet ikke ennå","I am not sure yet","Henüz bilmiyorum"
"texts.guide.frequency","Hvor ofte ønsker du hjelp?","How often would you like help?","Ne sıklıkla yardım istiyorsunuz?"
"texts.guide.frequencyNotes.0","Ta opp ønsket dato i samtalen.","Discuss your preferred date during the call.","İstediğiniz tarihi görüşmede belirtin."
"texts.guide.frequencyNotes.1","Ta opp ønsket rytme i samtalen. Faste avtaler må bekreftes særskilt.","Discuss your preferred schedule during the call. Regular arrangements need separate confirmation.","İstediğiniz sıklığı görüşmede belirtin. Düzenli hizmet ayrıca kararlaştırılmalıdır."
"texts.guide.frequencyNotes.2","Du kan bestemme hvor ofte senere.","You can decide how often later.","Ne sıklıkla yardım istediğinize daha sonra karar verebilirsiniz."
"texts.guide.intro","Velg det du vil ha hjelp til. Du får et forslag til hvor du kan starte.","Choose what you would like help with. We will suggest a starting point.","Hangi konuda yardım istediğinizi seçin. Nereden başlayabileceğinizi gösterelim."
"texts.guide.limit","Forslaget bygger bare på valgene dine. Det bekrefter ikke kapasitet, pris eller en avtale.","This suggestion uses only your choices. It does not confirm availability, price or an appointment.","Bu öneri yalnızca seçimlerinize dayanır. Müsaitlik, ücret veya randevu onayı değildir."
"texts.guide.nav","Finn riktig hjelp","Find suitable help","Uygun yardımı bul"
"texts.guide.preparation.0","Tenk på én ting du vil gjøre lettere.","Think of one thing you would like to make easier.","Kolaylaştırmak istediğiniz bir işi düşünün."
"texts.guide.preparation.1","Tenk på hvilke dager som kan passe.","Think about days that could work for you.","Size uygun olabilecek günleri düşünün."
"texts.guide.preparation.2","Vi må avtale oppgaver, tidspunkt og pris før et besøk.","Tasks, time and price must be agreed before a visit.","Ziyaretten önce yapılacak işler, saat ve ücret kararlaştırılmalıdır."
"texts.guide.prepare","Før en samtale","Before a call","Görüşmeden önce"
"texts.guide.privacy","Svarene blir på denne siden. De lagres ikke og sendes ikke til oss.","Your answers stay on this page. They are not saved or sent to us.","Yanıtlarınız bu sayfada kalır. Kaydedilmez ve bize gönderilmez."
"texts.guide.question","Hva vil du gjøre lettere i hverdagen?","What would you like to make easier?","Günlük yaşamda neyi kolaylaştırmak istiyorsunuz?"
"texts.guide.reasons.0","Du valgte praktiske oppgaver. Start med å beskrive én oppgave du vil ha hjelp til.","You chose practical tasks. Start by describing one task you would like help with.","Günlük işleri seçtiniz. Yardım istediğiniz bir işi anlatarak başlayabilirsiniz."
"texts.guide.reasons.1","Du valgte følge. Start med å fortelle hvor du vil dra og når.","You chose accompaniment. Start by saying where you would like to go and when.","Eşlik desteğini seçtiniz. Nereye ve ne zaman gitmek istediğinizi anlatarak başlayabilirsiniz."
"texts.guide.reasons.2","Du valgte selskap. Start med å fortelle hva du liker å gjøre.","You chose company. Start by saying what you enjoy doing.","Birlikte vakit geçirmeyi seçtiniz. Neler yapmaktan hoşlandığınızı anlatarak başlayabilirsiniz."
"texts.guide.reasons.3","Du trenger ikke velge en tjeneste nå. En samtale kan hjelpe deg å avklare ønskene dine.","You do not need to choose a service now. A conversation can help clarify what you want.","Şimdi bir hizmet seçmeniz gerekmiyor. Bir görüşme, ne istediğinizi netleştirmenize yardımcı olabilir."
"texts.guide.result","Et sted å starte","A place to start","Buradan başlayabilirsiniz"
"texts.guide.show","Se forslaget","See the suggestion","Öneriyi gör"
"texts.guide.title","Hvilken hjelp passer for deg?","What kind of help would suit you?","Size hangi yardım uygun?"
"texts.help","Trenger du hjelp?","Need help?","Yardım mı gerekiyor?"
"texts.hero","Litt hjelp.<br>Mer av <em>din hverdag.</em>","A little help.<br>More of <em>your everyday.</em>","Biraz yardım.<br>Size kalan <em>daha çok hayat.</em>"
"texts.imageAlt","En eldre kvinne og en hjelper snakker sammen ved et kjøkkenbord.","An older woman and a helper talking together at a kitchen table.","Yaşlı bir kadın ve bir yardımcı mutfak masasında sohbet ediyor."
"texts.imageNote","Illustrasjonsbilde laget med KI.","AI-generated illustrative image.","Yapay zekâyla oluşturulmuş temsili görsel."
"texts.imageQuote","Din hverdag.<br>Dine valg.","Your everyday.<br>Your choices.","Sizin hayatınız.<br>Sizin seçimleriniz."
"texts.improvements.clickCount","Klikk","Clicks","Tıklama"
"texts.improvements.consentNext","Hvis du tillater analyse, teller vi også klikk fra innhold til samtale, veiviser og kontakt. Vi følger deg ikke videre til private sider.","If you allow analytics, we also count clicks from content to booking, the guide and contact. We do not follow you into private pages.","Analize izin verirseniz içerikten görüşme, rehber ve iletişime tıklamaları da sayarız. Özel sayfalarda gezinmenizi takip etmeyiz."
"texts.improvements.destination","Neste steg","Next step","Sonraki adım"
"texts.improvements.enquiries","Mine henvendelser","My enquiries","Başvurularım"
"texts.improvements.enquiriesIntro","Se det du har sendt, og om henvendelsen er under arbeid. En registrert melding bekrefter ikke en samtale eller et besøk.","See what you sent and whether your enquiry is being handled. A saved message does not confirm a call or a visit.","Gönderdiğiniz mesajları ve işlem durumlarını görün. Mesajın kaydedilmesi görüşme veya ev ziyareti onayı değildir."
"texts.improvements.enquiryHelp","Du ser bare meldinger du selv har sendt. Ta kontakt hvis du vil følge opp en behandlet henvendelse.","You can only see messages you sent yourself. Contact us if you want to follow up on a handled enquiry.","Yalnızca kendi gönderdiğiniz mesajları görürsünüz. Tamamlanmış bir başvuruyu takip etmek için iletişime geçebilirsiniz."
"texts.improvements.enquiryStates.closed","Behandlet","Handled","İşlem tamamlandı"
"texts.improvements.enquiryStates.in_progress","Under arbeid","In progress","İşleniyor"
"texts.improvements.enquiryStates.new","Mottatt","Received","Alındı"
"texts.improvements.forecastCaution","Metoden velges på tidligere uker, før de to testukene. To testuker er for lite til å fastslå pålitelighet. Anslaget gjelder samtaleforespørsler, ikke hjemmebesøk.","The method is selected on earlier weeks, before the two test weeks. Two test weeks cannot establish reliability. The estimate concerns call requests, not home visits.","Yöntem, iki test haftasından önceki haftalarda seçilir. İki test haftası güvenilirliği kanıtlamaz. Tahmin ev ziyaretleri için değil, ön görüşme talepleri içindir."
"texts.improvements.forecastError","Feil i to separate testuker","Error across two separate test weeks","İki ayrı test haftasındaki hata"
"texts.improvements.forecastPeriod","Anslag for inneværende hele uke (UTC)","Estimate for the current full week (UTC)","İçinde bulunduğumuz tam hafta için tahmin (UTC)"
"texts.improvements.generalError","Vi kunne ikke hente opplysningene. Prøv å oppdatere.","We could not load the information. Please try refreshing.","Bilgiler yüklenemedi. Lütfen yenilemeyi deneyin."
"texts.improvements.languageWarning","Bytte språk? Skjemasvarene på denne siden blir ikke med.","Change language? Your form answers will not carry over.","Dili değiştirmek istiyor musunuz? Form yanıtları yeni dile taşınmaz."
"texts.improvements.missing","Mangler","Missing","Eksik"
"texts.improvements.nextNote","Samtykkede klikk fra en innholdsdel til samtale, veiviser eller kontakt. Ett klikk per mål og sidebesøk. Dette måler ikke fullførte bestillinger eller personlige behov.","Consented clicks from a content section to booking, the guide or contact. One click per destination and page visit. These are not completed bookings or predictions of personal needs.","İzin veren ziyaretçilerin içerikten görüşme, rehber veya iletişime tıklamaları. Sayfa ziyaretinde hedef başına bir kez sayılır. Tamamlanmış rezervasyonu veya kişisel ihtiyacı göstermez."
"texts.improvements.nextTitle","Neste steg fra innholdet","Next steps from the content","İçerikten sonraki adımlar"
"texts.improvements.noTime","Finner du ingen passende tid?","No suitable time?","Uygun bir saat bulamadınız mı?"
"texts.improvements.paymentReview","Betalingsforsøket må kontrolleres før du prøver igjen. Kontakt oss og oppgi bestillingsreferansen.","This payment attempt needs to be checked before you try again. Contact us with your booking reference.","Yeniden denemeden önce bu ödeme girişimi kontrol edilmeli. Rezervasyon numaranızla bize ulaşın."
"texts.improvements.rateLimit","Det kom mange forespørsler. Vent ett minutt og prøv igjen.","There were many requests. Wait one minute and try again.","Çok sayıda istek geldi. Bir dakika bekleyip yeniden deneyin."
"texts.improvements.readinessLabels.area","Tjenesteområde","Service area","Hizmet bölgesi"
"texts.improvements.readinessLabels.contact","Kontaktadresse","Contact email","İletişim e-postası"
"texts.improvements.readinessLabels.operator","Ansvarlig virksomhet","Responsible business","Sorumlu işletme"
"texts.improvements.readinessLabels.paymentEnabled","Betaling er aktivert","Payments enabled","Ödeme etkinleştirildi"
"texts.improvements.readinessLabels.paymentKeys","Stripe-nøkkel og signeringsnøkkel","Stripe key and signing secret","Stripe anahtarı ve imzalama anahtarı"
"texts.improvements.readinessLabels.review","Fullført lanseringsgjennomgang","Launch review completed","Açılış incelemesi tamamlandı"
"texts.improvements.readinessLabels.sender","E-postavsender og nøkkel","Email sender and key","E-posta göndericisi ve anahtar"
"texts.improvements.readinessLabels.service","Tjenesten er aktivert","Service enabled","Hizmet etkinleştirildi"
"texts.improvements.readinessNote","Oversikten viser konfigurasjon, ikke godkjent drift eller vellykkede leverandørtester.","This shows configuration, not operational approval or successful provider tests.","Bu liste yapılandırmayı gösterir; işletme onayı veya başarılı sağlayıcı testi anlamına gelmez."
"texts.improvements.readinessTitle","Før tjenesten kan åpne","Before the service can open","Hizmeti açmadan önce"
"texts.improvements.ready","Oppgitt","Provided","Girildi"
"texts.improvements.refresh","Oppdater","Refresh","Yenile"
"texts.improvements.requestTime","Spør om en annen tid","Ask about another time","Başka bir saat sorun"
"texts.improvements.requestTimeout","Vi fikk ikke svar i tide. En innsending kan likevel være registrert. Se Mine samtaler eller Mine henvendelser, eller prøv den samme innsendingen igjen.","We did not receive a response in time. A submission may still have been saved. Check My calls or My enquiries, or retry the same submission.","Zamanında yanıt alınamadı. Gönderiminiz yine de kaydedilmiş olabilir. Görüşmelerim veya Başvurularım bölümünü kontrol edin ya da aynı gönderimi yeniden deneyin."
"texts.improvements.submitted","Registrert","Submitted","Gönderildi"
"texts.improvements.updated","Sist oppdatert","Last updated","Son güncelleme"
"texts.intro","En å handle med. En å gå tur med. Eller tid til en god prat. Vi utvikler hverdagsstøtte for deg som vil bo hjemme og bestemme selv.","Someone to shop with. Someone to walk with. Or time for a good conversation. We are developing everyday support for older people who want to stay at home and make their own choices.","Birlikte alışveriş yapacağınız biri. Yürüyüşte bir yol arkadaşı. Ya da güzel bir sohbet. Evinde yaşamak ve kendi kararlarını vermek isteyen yaşlılar için gündelik destek geliştiriyoruz."
"texts.language","Norsk","English","Türkçe"
"texts.live","Praktisk hjelp og sosialt samvær, på dine premisser.","Practical help and companionship, on your terms.","Gündelik yardım ve sosyal destek, sizin tercihlerinizle."
"texts.loading","Henter …","Loading …","Yükleniyor …"
"texts.mailStates.blocked","Ikke tilkoblet","Not connected","Bağlantı yok"
"texts.mailStates.failed","Sending feilet","Sending failed","Gönderim başarısız"
"texts.mailStates.pending","Venter","Pending","Bekliyor"
"texts.mailStates.sent","Godtatt av e-postleverandøren","Accepted by email provider","E-posta sağlayıcısı kabul etti"
"texts.mailStates.superseded","Utdatert bekreftelse stoppet","Outdated confirmation stopped","Eski onay mesajı durduruldu"
"texts.mailStates.suppressed","Ingen sending i test","No sending in test","Testte gönderim yok"
"texts.maintenance","Slett utløpte analysedata","Delete expired analytics data","Süresi dolan analiz verilerini sil"
"texts.menu","Meny","Menu","Menü"
"texts.message","Melding","Message","Mesaj"
"texts.myBookings","Mine samtaler","My calls","Görüşmelerim"
"texts.name","Navn","Name","Ad"
"texts.nav.0","Hjelpen","Our support","Hizmetler"
"texts.nav.1","Slik fungerer det","How it works","Nasıl çalışır?"
"texts.nav.2","For pårørende","For families","Yakınlar için"
"texts.nav.3","Spørsmål","Questions","Sorular"
"texts.next","Fortsett","Continue","Devam"
"texts.noHealth","Ikke skriv helseopplysninger, fødselsnummer, BankID eller opplysninger om en annen person.","Do not include health information, identity numbers, BankID or information about another person.","Sağlık bilgisi, kimlik numarası, BankID veya başka bir kişinin bilgilerini yazmayın."
"texts.noRecords","Ingen registreringer ennå.","No records yet.","Henüz kayıt yok."
"texts.noSlots","Ingen tider er lagt ut ennå. Du kan ta kontakt eller se igjen senere.","No times have been added yet. You can contact us or check again later.","Henüz saat eklenmedi. İletişim bölümünü kullanabilir veya daha sonra tekrar bakabilirsiniz."
"texts.offer","Opprett pristilbud","Create price offer","Ücret teklifi oluştur"
"texts.ops.available","Ledig","Available","Boş"
"texts.ops.cancelled","Av disse er avbestilt","Of these, cancelled","Bunların içinde iptal edilenler"
"texts.ops.capacity","Bestilte samtaletider neste 14 dager","Booked call slots in the next 14 days","Önümüzdeki 14 günde dolu görüşme saatleri"
"texts.ops.capacityNote","Bestilte tider / alle åpne tider. Dette er samtaler, ikke kapasitet for hjemmebesøk.","Booked slots / all open slots. These are calls, not home-visit capacity.","Dolu saatler / tüm açık saatler. Bu, görüşme kapasitesidir; ev ziyareti kapasitesi değildir."
"texts.ops.changedData","Valgene dine er beholdt. Prøv på nytt.","Your choices have been kept. Please try again.","Seçimleriniz korundu. Yeniden deneyin."
"texts.ops.closeConfirm","Fjerne denne ledige tiden? Eksisterende bestillinger blir ikke endret.","Remove this available slot? Existing bookings will not change.","Bu boş saat kaldırılsın mı? Mevcut rezervasyonlar değişmeyecek."
"texts.ops.closeSlot","Fjern ledig tid","Remove available slot","Boş saati kaldır"
"texts.ops.cohort","Avbestillinger gjelder bestillinger opprettet i de siste 30 dagene, uansett når avbestillingen skjedde.","Cancellations refer to bookings created in the past 30 days, regardless of when they were cancelled.","İptal sayısı, iptalin tarihine bakılmaksızın son 30 günde oluşturulan rezervasyonları kapsar."
"texts.ops.currentStep","Steg {n} av 3","Step {n} of 3","Adım {n} / 3"
"texts.ops.empty","Ingen registrerte data i perioden.","No recorded data in this period.","Bu dönemde kayıtlı veri yok."
"texts.ops.inbox","Ubehandlede henvendelser","Enquiries awaiting completion","Tamamlanmayı bekleyen mesajlar"
"texts.ops.insightEmpty","Det er for lite tillatt analysedata til å prioritere innhold ennå.","There is too little consented analytics data to prioritise content yet.","İçerik önceliği belirlemek için henüz yeterli izinli analiz verisi yok."
"texts.ops.insightNote","Visninger og 10 sekunder i synsfeltet er signaler, ikke bevis på lesing eller forståelse. Regelen for gjennomgang er minst 20 visninger og under 30 % registrert engasjement; terskelen er et foreløpig arbeidsvalg.","Views and 10 seconds in view are signals, not proof of reading or understanding. The review rule is at least 20 views and under 30% recorded engagement; this is a provisional working threshold.","Görüntülenme ve ekranda 10 saniye kalma birer işarettir; okuma veya anlama kanıtı değildir. İnceleme kuralı en az 20 görüntülenme ve %30 altında kayıtlı etkileşimdir; bu eşik geçici bir çalışma kararıdır."
"texts.ops.insightPopular","Mest vist innhold i dette utvalget","Most viewed content in this sample","Bu örneklemde en çok görüntülenen içerik"
"texts.ops.insightReview","Kontroller om neste steg er tydelig i disse delene","Check whether the next step is clear in these sections","Bu bölümlerde sonraki adımın açık olup olmadığını inceleyin"
"texts.ops.insightTitle","Hva kan du undersøke videre?","What could you investigate next?","Bir sonraki inceleme ne olabilir?"
"texts.ops.messageStates.closed","Ferdig","Completed","Tamamlandı"
"texts.ops.messageStates.in_progress","Under arbeid","In progress","İşleniyor"
"texts.ops.messageStates.new","Ny","New","Yeni"
"texts.ops.note","Tallene gjelder faktiske henvendelser. Testdata er holdt utenfor.","These figures cover real requests. Test data is excluded.","Bu sayılar gerçek talepleri kapsar. Deneme verileri dahil değildir."
"texts.ops.occupied","Tiden er bestilt og kan ikke fjernes.","This slot is booked and cannot be removed.","Bu saat dolu olduğu için kaldırılamaz."
"texts.ops.recipient","Hvem følger opp?","Who follows up?","Kim takip edecek?"
"texts.ops.recipientNote","Henvendelsen blir tilgjengelig for NAVIAR CARE-administratoren. En innsendt melding er ikke en bekreftet avtale.","Your enquiry is available to the NAVIAR CARE administrator. Submitting a message does not confirm an appointment.","Mesajınız NAVIAR CARE yöneticisinin ekranına kaydedilir. Mesaj göndermek, randevunun onaylandığı anlamına gelmez."
"texts.ops.requests","Bestillinger siste 30 dager","Bookings created in the past 30 days","Son 30 günde oluşturulan rezervasyonlar"
"texts.ops.reserved","Bestilt","Booked","Dolu"
"texts.ops.retrySlots","Hent ledige tider på nytt","Reload available times","Uygun saatleri yeniden yükle"
"texts.ops.save","Lagre status","Save status","Durumu kaydet"
"texts.ops.slotClosed","Den ledige tiden er fjernet.","The available slot was removed.","Boş saat kaldırıldı."
"texts.ops.stale","Noen har endret denne henvendelsen. Last den inn på nytt før du lagrer.","Someone changed this enquiry. Reload it before saving.","Bu mesaj başka bir işlemde değiştirildi. Kaydetmeden önce yeniden yükleyin."
"texts.ops.statusSaved","Status er lagret.","Status saved.","Durum kaydedildi."
"texts.ops.steps.0","Hjelp","Help","Yardım"
"texts.ops.steps.1","Tid","Time","Saat"
"texts.ops.steps.2","Bekreft","Confirm","Onay"
"texts.ops.title","Arbeidsoversikt","Work overview","İş takibi"
"texts.pay","Se tilbud og betaling","View offer and payment","Teklif ve ödemeyi görüntüle"
"texts.paymentOff","Ingen betaling er åpnet. Pris og betalingskonto må være bekreftet først.","Payment is not open. A price and payment account must be confirmed first.","Ödeme açık değil. Önce ücret ve ödeme hesabı doğrulanmalı."
"texts.paymentOffer","Avtalt totalpris","Agreed total price","Anlaşılan toplam ücret"
"texts.paymentPaid","Betalingen er bekreftet av betalingsleverandøren.","Payment has been confirmed by the payment provider.","Ödeme, ödeme sağlayıcısı tarafından doğrulandı."
"texts.paymentPending","Betaling er ikke bekreftet.","Payment has not been confirmed.","Ödeme henüz doğrulanmadı."
"texts.paymentTerms","Jeg har lest tilbudet og vilkårene og ønsker å gå videre til betaling.","I have read the offer and terms and want to continue to payment.","Teklifi ve koşulları okudum, ödeme adımına geçmek istiyorum."
"texts.preferences","Analysevalg","Analytics choices","Analiz tercihleri"
"texts.priceText","Prisene for hjemmebesøk er ikke fastsatt. Du skal få en samlet pris og tydelige vilkår før du tar stilling til et tilbud. Ingen betaling trekkes når du utforsker denne siden.","Prices for home visits have not been set. You should receive a total price and clear terms before deciding on an offer. No payment is taken while exploring this site.","Ev ziyareti ücretleri henüz belirlenmedi. Bir teklife karar vermeden önce toplam ücret ve koşullar size sunulmalı. Bu sayfayı incelerken ödeme alınmaz."
"texts.priceTitle","Hva vil hjelpen koste?","What will support cost?","Destek ücreti ne olacak?"
"texts.primary","Se hvilken hjelp som passer","Find the support that fits","Size uygun desteği keşfedin"
"texts.privacy","Personvern","Privacy","Gizlilik"
"texts.privacyBody.0","Denne siden er under utvikling. Ansvarlig virksomhet, tjenesteområde og kontaktpunkt for personvern må bekreftes før offentlig åpning.","This site is under development. The operating business, service area and privacy contact must be confirmed before public launch.","Bu sayfa geliştirme aşamasındadır. Kamuya açılmadan önce sorumlu işletme, hizmet bölgesi ve gizlilik iletişim noktası doğrulanmalı."
"texts.privacyBody.1","I forhåndsvisningen lagres testbestillinger og testmeldinger for å prøve arbeidsflyten. Bruk oppdiktede opplysninger. Innlogging brukes til å beskytte dine registreringer.","The preview stores test bookings and test messages to try the workflow. Use made-up details. Sign-in protects your records.","Önizleme, iş akışını denemek için test rezervasyonlarını ve mesajlarını saklar. Uydurma bilgiler kullanın. Giriş, kayıtlarınızı korumak içindir."
"texts.privacyBody.2","En samtale lagrer tjenestevalg, tid, navn, e-post, språk og om du spør for deg selv eller som pårørende. Vi ber ikke om helseopplysninger eller den andres navn.","A call record stores the selected service, time, name, email, language and whether you are enquiring for yourself or as a family member. We do not ask for health information or the other person’s name.","Görüşme kaydında seçilen hizmet, saat, ad, e-posta, dil ve kendiniz ya da bir yakınınız için başvurduğunuz bilgisi saklanır. Sağlık bilgisi veya diğer kişinin adı istenmez."
"texts.privacyBody.3","Valgfri analyse teller innholdsvisninger og engasjement. Det sendes ikke navn, e-post, skjematekst eller personlige nettadresser til denne analysen. Du kan avslå eller endre valget når som helst.","Optional analytics count content views and engagement. Names, emails, form text and personal URLs are not sent to these analytics. You can decline or change your choice at any time.","İsteğe bağlı analiz, içerik görüntülemelerini ve ilgiyi sayar. Ad, e-posta, form metni ve kişisel bağlantılar analize gönderilmez. Tercihinizi istediğiniz zaman reddedebilir veya değiştirebilirsiniz."
"texts.privacyBody.4","Analysehendelser oppbevares i inntil 90 dager når vedlikeholdsrutinen kjøres. Testbestillinger og testmeldinger skal slettes før offentlig lansering. Produksjonens lagringstider og rettighetsrutiner skal fastsettes før åpning.","Analytics events are retained for up to 90 days when the maintenance routine runs. Test bookings and messages must be removed before public launch. Production retention and rights processes must be agreed before opening.","Bakım işlemi çalıştığında analiz olayları en fazla 90 gün tutulur. Test rezervasyonları ve mesajları kamuya açılmadan önce silinmeli. Gerçek hizmetin saklama süreleri ve hak başvurusu süreçleri açılıştan önce belirlenmeli."
"texts.privacyBody.5","Fremtidige betalinger skal håndteres av Stripe, og transaksjonsmeldinger av Resend når avtalene er på plass. Vertstjenesten og innloggingen kan behandle tekniske besøksdata. Deling med pårørende krever separat avklaring.","Future payments will be handled by Stripe and transactional messages by Resend once agreements are in place. Hosting and sign-in providers may process technical visit data. Sharing with family requires a separate agreement.","Anlaşmalar tamamlandığında ödemeler Stripe, işlem e-postaları Resend ile yürütülecek. Barındırma ve giriş sağlayıcıları teknik ziyaret verilerini işleyebilir. Yakınlarla paylaşım ayrıca kararlaştırılır."
"texts.privacyBody.6","Hvis du tillater analyse, teller vi også klikk fra innhold til samtale, veiviser og kontakt. Vi følger deg ikke videre til private sider.","If you allow analytics, we also count clicks from content to booking, the guide and contact. We do not follow you into private pages.","Analize izin verirseniz içerikten görüşme, rehber ve iletişime tıklamaları da sayarız. Özel sayfalarda gezinmenizi takip etmeyiz."
"texts.processIntro","Du trenger ikke ha alle svarene før vi snakker sammen.","You do not need all the answers before we talk.","Görüşmeden önce her sorunun cevabını bilmeniz gerekmiyor."
"texts.processTitle","Først bli kjent.<br>Så finne formen.","First, get to know you.<br>Then, find the right rhythm.","Önce tanışalım.<br>Sonra size uygun yolu bulalım."
"texts.recommend","Basert på det du valgte","Based on your choice","Seçiminize göre"
"texts.recommendText","Et forslag ut fra tjenesten du selv valgte. Vi bruker ikke helseopplysninger eller skjult profilering.","A suggestion based on the service you selected. We do not use health information or hidden profiling.","Kendi seçtiğiniz hizmete dayanan bir öneri. Sağlık bilgisi veya gizli profilleme kullanmıyoruz."
"texts.reference","Referanse","Reference","Referans"
"texts.relative","En jeg er pårørende til","Someone in my family","Bir yakınım için"
"texts.required","Fyll ut de nødvendige feltene.","Complete the required fields.","Gerekli alanları doldurun."
"texts.retryMail","Prøv ventende e-post på nytt","Retry pending email","Bekleyen e-postaları yeniden dene"
"texts.review","Se over før du bekrefter","Review before confirming","Onaylamadan önce kontrol edin"
"texts.save","Lagre","Save","Kaydet"
"texts.scope","Tilbudet gjelder praktisk og sosial støtte. Det omfatter ikke medisinsk behandling, medisinering eller personlig pleie.","The service concerns practical and social support. It does not include medical treatment, medication management or personal care.","Konsept gündelik ve sosyal desteği kapsar. Tıbbi tedavi, ilaç yönetimi ve kişisel bakım içermez."
"texts.secondary","Jeg er pårørende","I am a family member","Bir yakınım için bakıyorum"
"texts.section","Innhold","Content","İçerik"
"texts.selectService","Hva ønsker du hjelp med?","What would you like help with?","Ne için yardım istiyorsunuz?"
"texts.self","Meg selv","Myself","Kendim için"
"texts.send","Send melding","Send message","Mesaj gönder"
"texts.sent","Meldingen er registrert.","Your message has been registered.","Mesajınız kaydedildi."
"texts.sentDemo","Testmeldingen er lagret. Ingen e-post er sendt.","Your test message is saved. No email has been sent.","Test mesajınız kaydedildi. E-posta gönderilmedi."
"texts.services.0.0","Praktisk hjelp","Practical help","Gündelik yardım"
"texts.services.0.1","Handling, små ærender og enkle oppgaver hjemme. Vi avtaler hva besøket skal omfatte.","Shopping, small errands and simple tasks at home. We agree what the visit will include.","Alışveriş, küçük işler ve evde basit görevler. Ziyaretin kapsamını birlikte belirleriz."
"texts.services.0.2","Snakk om praktisk hjelp","Discuss practical help","Gündelik yardımı keşfedin"
"texts.services.1.0","En å gå sammen med","Someone to walk with","Birlikte yürüyelim"
"texts.services.1.1","En rolig tur, en aktivitet eller et ærend i nærheten. Vi tar utgangspunkt i ditt tempo.","A gentle walk, a local activity or an errand nearby. We start with your pace.","Sakin bir yürüyüş, yakınlarda bir etkinlik veya küçük bir iş. Sizin temponuzdan başlarız."
"texts.services.1.2","Snakk om følge","Discuss accompaniment","Eşlik desteğini keşfedin"
"texts.services.2.0","Tid til en prat","Time for a conversation","Sohbete zaman"
"texts.services.2.1","En kopp kaffe, et spill eller en samtale. Tid sammen, med plass til det du liker.","A cup of coffee, a game or a conversation. Time together, with room for what you enjoy.","Bir kahve, bir oyun veya bir sohbet. Sevdiğiniz şeylere yer açan birlikte zaman."
"texts.services.2.2","Snakk om samvær","Discuss companionship","Sosyal desteği keşfedin"
"texts.servicesIntro","Begynn med det som er viktig for deg. Oppgaver, tidspunkt og pris skal være avklart før et besøk.","Start with what matters to you. Tasks, timing and price should be clear before a visit.","Sizin için önemli olandan başlayalım. Yapılacak işler, zaman ve ücret ziyaretten önce belli olmalı."
"texts.servicesTitle","Hva vil gjøre<br>dagen din litt enklere?","What would make<br>your day a little easier?","Gününüzü ne<br>biraz kolaylaştırır?"
"texts.signIn","Logg inn for å fortsette","Sign in to continue","Devam etmek için giriş yapın"
"texts.signinText","Logg inn for å administrere dine egne samtaler. Du får ikke tilgang til andres opplysninger.","Sign in to manage your own calls. You cannot access other people’s information.","Kendi görüşmelerinizi yönetmek için giriş yapın. Başkalarının bilgilerine erişemezsiniz."
"texts.skip","Hopp til innhold","Skip to content","İçeriğe geç"
"texts.slots","Velg en ledig tid","Choose an available time","Uygun bir saat seçin"
"texts.start","Start i norsk tid","Start in Norwegian time","Norveç saatine göre başlangıç"
"texts.status","Status","Status","Durum"
"texts.steps.0.0","Fortell hva du ønsker","Tell us what you would like","Ne istediğinizi anlatın"
"texts.steps.0.1","Velg hjelp og en tid for en første samtale. Ingen hjemmebesøk bestilles i dette steget.","Choose support and a time for an introductory call. No home visit is booked at this step.","Destek türünü ve ilk görüşme saatini seçin. Bu adımda ev ziyareti ayarlanmaz."
"texts.steps.1.0","Avklar det sammen","Agree the details together","Ayrıntıları birlikte belirleyin"
"texts.steps.1.1","Område, oppgaver, pris, tidspunkt og hvem som kommer må være avklart.","Area, tasks, price, timing and who will visit need to be agreed.","Bölge, görevler, ücret, saat ve gelecek kişi netleşmeli."
"texts.steps.2.0","Finn en rytme som passer","Find a rhythm that suits you","Size uygun düzeni bulun"
"texts.steps.2.1","Etter et første besøk følger vi opp. Du skal kunne si fra om hva du ønsker annerledes.","After a first visit we follow up. You should be able to tell us what you would like to change.","İlk ziyaretin ardından deneyiminizi sorarız. Değişmesini istediğiniz şeyleri söyleyebilmelisiniz."
"texts.strip.0","Praktisk hjelp","Practical help","Gündelik yardım"
"texts.strip.1","Følge i nærmiljøet","Company nearby","Yakın çevrede eşlik"
"texts.strip.2","Tid til samvær","Time together","Birlikte zaman"
"texts.studio.beforeIntro","Du velger hva som passer. Et hjemmebesøk må avtales særskilt.","You choose what suits you. A home visit needs a separate agreement.","Size uygun olanı siz seçersiniz. Ev ziyareti ayrıca kararlaştırılmalıdır."
"texts.studio.beforeTitle","Dette bør du vite først","A few things to know first","Başlamadan önce bilmeniz gerekenler"
"texts.studio.demoBook","Prøv samtalebestilling","Try call booking","Görüşme rezervasyonunu dene"
"texts.studio.demoChoose","Prøv med denne hjelpen","Try with this support","Bu destekle dene"
"texts.studio.demoConfirm","Bekreft testbestillingen","Confirm test booking","Test rezervasyonunu onayla"
"texts.studio.demoNext","Testen viser bare bestillingsflyten. Ingen ringer deg, og ingen hjelper kommer hjem til deg.","This test only demonstrates booking. Nobody will call you or visit your home.","Bu test yalnızca rezervasyon akışını gösterir. Kimse sizi aramayacak veya evinize gelmeyecek."
"texts.studio.detailItems.0.examples.0","Handle fra en avtalt liste","Shop from an agreed list","Kararlaştırılan listeden alışveriş"
"texts.studio.detailItems.0.examples.1","Små ærender i nærheten","Run small local errands","Yakın çevrede küçük işler"
"texts.studio.detailItems.0.examples.2","Enkle oppgaver som avtales på forhånd","Do simple tasks agreed in advance","Önceden kararlaştırılan basit görevler"
"texts.studio.detailItems.0.excluded","Tunge løft, fagarbeid, personlig stell og tilgang til bankkonto inngår ikke.","Heavy lifting, specialist trade work, personal care and bank account access are outside the scope.","Ağır kaldırma, uzmanlık gerektiren tamirat, kişisel bakım ve banka hesabına erişim kapsam dışıdır."
"texts.studio.detailItems.1.examples.0","Gå en tur i ditt tempo","Walk at your own pace","Kendi temponuzda yürüyüş"
"texts.studio.detailItems.1.examples.1","Gå sammen til en butikk","Go to a shop together","Birlikte mağazaya gitme"
"texts.studio.detailItems.1.examples.2","Ha følge til en avtalt aktivitet","Have company at an agreed activity","Kararlaştırılan bir etkinliğe eşlik"
"texts.studio.detailItems.1.excluded","Transport med bil, løft og medisinsk oppfølging inngår ikke.","Car transport, lifting and medical follow-up are outside the scope.","Arabayla taşıma, kaldırma ve tıbbi takip kapsam dışıdır."
"texts.studio.detailItems.2.examples.0","Ta en kaffe og prate","Have a coffee and a chat","Kahve içip sohbet etme"
"texts.studio.detailItems.2.examples.1","Spille et spill eller lese sammen","Play a game or read together","Birlikte oyun oynama veya okuma"
"texts.studio.detailItems.2.examples.2","Gjøre noe du selv liker","Do something you enjoy","Sevdiğiniz bir etkinliği yapma"
"texts.studio.detailItems.2.excluded","Behandling, tilsyn med medisinsk ansvar og hjelp med medisiner inngår ikke.","Treatment, supervision with medical responsibility and help with medication are outside the scope.","Tedavi, tıbbi sorumluluk gerektiren gözetim ve ilaç desteği kapsam dışıdır."
"texts.studio.details","Hva kan hjelpen omfatte?","What could the support include?","Bu destek neleri kapsayabilir?"
"texts.studio.facts.0.0","Første steg","First step","İlk adım"
"texts.studio.facts.0.1","En samtale om hva du ønsker hjelp til.","A call about the support you would like.","İstediğiniz destek hakkında bir görüşme."
"texts.studio.facts.1.0","Pris","Price","Ücret"
"texts.studio.facts.1.1","Hjemmebesøk er ikke priset ennå. Du skal få et samlet tilbud før du bestemmer deg.","Home visits are not priced yet. You should receive a total offer before you decide.","Ev ziyareti ücretleri henüz belirlenmedi. Karar vermeden önce toplam teklif size sunulmalı."
"texts.studio.facts.2.0","Sted","Location","Bölge"
"texts.studio.facts.2.1","Tjenesteområdet er ikke bekreftet ennå.","The service area is not confirmed yet.","Hizmet bölgesi henüz doğrulanmadı."
"texts.studio.includes","Dette kan vi avtale","What we can agree on","Birlikte kararlaştırabileceklerimiz"
"texts.studio.limits","Dette inngår ikke","What is outside the scope","Kapsam dışında olanlar"
"texts.studio.liveNext","Samtaletiden bekrefter en innledende samtale. Et besøk, oppgaver og pris må avtales separat.","The time confirms an introductory call. A visit, tasks and price need a separate agreement.","Seçilen saat bir ön görüşmeyi onaylar. Ziyaret, görevler ve ücret ayrıca kararlaştırılmalıdır."
"texts.studio.noSlotsAction","Gå til kontakt","Go to contact","İletişime git"
"texts.studio.priceChecklist.0","Hvilke oppgaver som er avtalt","The tasks you have agreed on","Kararlaştırılan görevler"
"texts.studio.priceChecklist.1","Hvem som kommer, dato og varighet","Who will come, the date and duration","Gelecek kişi, tarih ve süre"
"texts.studio.priceChecklist.2","Samlet pris i NOK, med eventuelle tillegg","The total price in NOK, including any extras","Ek ücretler dahil NOK cinsinden toplam fiyat"
"texts.studio.priceChecklist.3","Hvordan du endrer, avbestiller eller ber om hjelp","How to change, cancel or ask for help","Değişiklik, iptal ve yardım isteme yolu"
"texts.studio.priceHeading","Før du sier ja til et besøk","Before you agree to a visit","Bir ziyareti kabul etmeden önce"
"texts.studio.priceNav","Pris og område","Price and location","Ücret ve bölge"
"texts.studio.resetGuide","Start på nytt","Start again","Yeniden başla"
"texts.terms","Vilkår","Terms","Koşullar"
"texts.termsBody.0","NAVIAR CARE er under utvikling. Forhåndsvisningen tilbyr ikke faktiske hjemmebesøk. Testbestillinger er ikke serviceavtaler.","NAVIAR CARE is under development. This preview does not offer real home visits. Test bookings are not service agreements.","NAVIAR CARE geliştirme aşamasındadır. Bu önizleme gerçek ev ziyareti sunmaz. Test rezervasyonları hizmet sözleşmesi değildir."
"texts.termsBody.1","En første samtale avklarer ønsker og om tilbudet passer. Den innebærer ingen bestilling av hjemmebesøk.","An introductory call clarifies your wishes and whether the service is suitable. It does not book a home visit.","İlk görüşme beklentileri ve hizmetin uygunluğunu netleştirir. Ev ziyareti rezervasyonu oluşturmaz."
"texts.termsBody.2","Oppgaver, tjenesteområde, ansvarlig leverandør, pris, eventuell avgift og vilkår for endring skal oppgis før en betalt avtale inngås.","Tasks, service area, responsible provider, price, any tax and change terms must be stated before a paid agreement is made.","Ücretli anlaşmadan önce görevler, hizmet bölgesi, sorumlu sağlayıcı, ücret, varsa vergi ve değişiklik koşulları açıklanmalı."
"texts.termsBody.3","Du kan avbestille en ubetalt samtale i Mine samtaler. En avtale med betaling må behandles manuelt, slik at tilbakebetaling og vilkår vurderes før endring.","You can cancel an unpaid call under My calls. An agreement involving payment requires manual handling so refunds and terms can be reviewed before changes.","Ödenmemiş görüşmeyi Görüşmelerim bölümünden iptal edebilirsiniz. Ödeme içeren anlaşmalar, iade ve koşullar değerlendirilerek manuel işleme alınmalıdır."
"texts.termsBody.4","Tjenesten gjelder praktisk og sosial støtte. Helsehjelp, medisinering, personlig pleie og tilgang til BankID eller bankkonto inngår ikke.","The service concerns practical and social support. Healthcare, medication management, personal care, and access to BankID or bank accounts are excluded.","Hizmet gündelik ve sosyal destektir. Sağlık hizmeti, ilaç yönetimi, kişisel bakım, BankID veya banka hesabına erişim kapsam dışıdır."
"texts.termsBody.5","Disse tekstene er foreløpige rammer. Fullstendige kjøpsvilkår, klageordning og kontaktinformasjon må være fastsatt før kommersiell lansering.","These are preliminary terms. Complete purchase terms, complaints procedures and contact information must be established before commercial launch.","Bu metinler başlangıç çerçevesidir. Ticari açılıştan önce tam satış koşulları, şikâyet süreci ve iletişim bilgileri tamamlanmalı."
"texts.testNote","Dette er en test. Bruk et oppdiktet navn og en e-post som slutter på .test eller .invalid. Ingen e-post sendes og ingen penger trekkes.","This is a test. Use a made-up name and an email ending in .test or .invalid. No email is sent and no money is charged.","Bu bir testtir. Uydurma bir ad ve .test veya .invalid ile biten e-posta kullanın. E-posta gönderilmez ve ödeme alınmaz."
"texts.topic","Tema","Topic","Konu"
"texts.topics.0","Spørsmål om hjelp","A question about support","Destek hakkında soru"
"texts.topics.1","Bli hjelper","Become a helper","Yardımcı olmak istiyorum"
"texts.topics.2","Endre eller avbestille","Change or cancel","Değişiklik veya iptal"
"texts.topics.3","Tilbakemelding","Feedback","Geri bildirim"
"texts.total","Totalpris i NOK","Total price in NOK","Toplam ücret (NOK)"
"texts.trust.0.0","Du bestemmer","You decide","Siz karar verirsiniz"
"texts.trust.0.1","Vi avklarer hva du ønsker hjelp med, og hvem du vil involvere.","We clarify the help you want and whom you want involved.","İstediğiniz yardımı ve sürece kimlerin katılacağını netleştiririz."
"texts.trust.1.0","Du vet hva som er avtalt","You know what is agreed","Anlaşmayı bilirsiniz"
"texts.trust.1.1","Hvem som kommer, pris og innhold skal være tydelig før besøket.","Who is coming, the price and the tasks should be clear before a visit.","Gelecek kişi, ücret ve yapılacak işler ziyaretten önce belli olmalı."
"texts.trust.2.0","Du har en kontaktvei","You have a contact point","Bir iletişim noktanız olur"
"texts.trust.2.1","Endringer, forsinkelser og tilbakemeldinger skal ha en ansvarlig mottaker.","Changes, delays and feedback need a responsible person to follow them up.","Değişiklikleri, gecikmeleri ve geri bildirimleri takip eden sorumlu biri olmalı."
"texts.trustTitle","Tydelige rammer.<br>Før noen ringer på.","Clear expectations.<br>Before anyone knocks.","Açık bir anlaşma.<br>Kapı çalmadan önce."
"texts.unavailable","Tjenesten er ikke tilgjengelig akkurat nå. Prøv igjen senere.","The service is unavailable right now. Please try again later.","Hizmete şu anda erişilemiyor. Lütfen daha sonra tekrar deneyin."
"texts.views","Visninger","Views","Görüntüleme"
"texts.who","Hvem gjelder samtalen?","Who is the call for?","Görüşme kimin için?"
