no,dosya,arsiv_yolu,grup,kaynak,surum,kaynak_degistirme_tarihi,bayt,sha256,ayni_icerik_kopya_sayisi
NC-ARS-001,00_OKU-BENI.md,01_GUNCEL_NAVIAR_CARE_1/BELGELER/00_OKU-BENI.md,NAVIAR CARE 1 — son belgelenmiş teslim,DOC-012 belge paketi / v1.0,,,1768,1bd38953b2334be475ed308dece5f06f78f9b7df6cc848006eca3d26a162d0de,1
NC-ARS-002,01_PROJE-KIMLIGI.md,01_GUNCEL_NAVIAR_CARE_1/BELGELER/01_BELGELER/01_PROJE-KIMLIGI.md,NAVIAR CARE 1 — son belgelenmiş teslim,DOC-012 belge paketi / v1.0,,,2262,bc41af0eb47a20622c39aba70f169af694d9e1237443f3fdcd976d3141d370f7,2
NC-ARS-003,02_KONSEPT-VE-IS-MODELI.md,01_GUNCEL_NAVIAR_CARE_1/BELGELER/01_BELGELER/02_KONSEPT-VE-IS-MODELI.md,NAVIAR CARE 1 — son belgelenmiş teslim,DOC-012 belge paketi / v1.0,,,2829,4ef11a1e6604c778a4ce197f5062875b8b8cda50f7175ac0952d9cf800a1ffd6,2
NC-ARS-004,03_HIZMET-TASARIMI.md,01_GUNCEL_NAVIAR_CARE_1/BELGELER/01_BELGELER/03_HIZMET-TASARIMI.md,NAVIAR CARE 1 — son belgelenmiş teslim,DOC-012 belge paketi / v1.0,,,2849,9159fa3e8079c93819048ed2f17b1849d012df1b11fc99ed817d089754aaa7a3,2
NC-ARS-005,04_MARKA-VE-TASARIM.md,01_GUNCEL_NAVIAR_CARE_1/BELGELER/01_BELGELER/04_MARKA-VE-TASARIM.md,NAVIAR CARE 1 — son belgelenmiş teslim,DOC-012 belge paketi / v1.0,,,2966,7dfa32de9bf45ac6eb539a56810bb19922ccbed9c9bd12973112faf5aa3d3a4a,2
NC-ARS-006,05_WEB-SAYFASI-NASIL-YAPILDI.md,01_GUNCEL_NAVIAR_CARE_1/BELGELER/01_BELGELER/05_WEB-SAYFASI-NASIL-YAPILDI.md,NAVIAR CARE 1 — son belgelenmiş teslim,DOC-012 belge paketi / v1.0,,,3927,7ece56e162a6ce0c4a8658dd01cbed70de31545673801de5bcd05ae837e60d07,2
NC-ARS-007,06_SAYFA-VE-DOSYA-HARITASI.md,01_GUNCEL_NAVIAR_CARE_1/BELGELER/01_BELGELER/06_SAYFA-VE-DOSYA-HARITASI.md,NAVIAR CARE 1 — son belgelenmiş teslim,DOC-012 belge paketi / v1.0,,,3172,64db2ecc9b2e260bc6a4da6c9bc58c9209614dced5c689036391779f4a9ac2a3,2
NC-ARS-008,07_MIMARI-VE-VERI.md,01_GUNCEL_NAVIAR_CARE_1/BELGELER/01_BELGELER/07_MIMARI-VE-VERI.md,NAVIAR CARE 1 — son belgelenmiş teslim,DOC-012 belge paketi / v1.0,,,3344,dc8d8581c1d1cdfe55c5ef2c6368c36c1254f0c8756c7d71b825abaf71d6492c,2
NC-ARS-009,08_REZERVASYON-AKISI.md,01_GUNCEL_NAVIAR_CARE_1/BELGELER/01_BELGELER/08_REZERVASYON-AKISI.md,NAVIAR CARE 1 — son belgelenmiş teslim,DOC-012 belge paketi / v1.0,,,3040,9bad401dbedc103ad693fe300f00bebc633a2abc730bdcda53513b5dbef1f725,2
NC-ARS-010,09_API-REFERANSI.md,01_GUNCEL_NAVIAR_CARE_1/BELGELER/01_BELGELER/09_API-REFERANSI.md,NAVIAR CARE 1 — son belgelenmiş teslim,DOC-012 belge paketi / v1.0,,,3865,cdda8923a9dbb60e2b7b66fcb531c1cf63702de18dba4328ca12cb2c7a4b656e,2
NC-ARS-011,10_ODEME-SISTEMI.md,01_GUNCEL_NAVIAR_CARE_1/BELGELER/01_BELGELER/10_ODEME-SISTEMI.md,NAVIAR CARE 1 — son belgelenmiş teslim,DOC-012 belge paketi / v1.0,,,3133,2e9ad1c6affd29ffc679ec3d61f26995bfb5c786e0ffbee30ec11306822e5e75,2
NC-ARS-012,11_EPOSTA-SISTEMI.md,01_GUNCEL_NAVIAR_CARE_1/BELGELER/01_BELGELER/11_EPOSTA-SISTEMI.md,NAVIAR CARE 1 — son belgelenmiş teslim,DOC-012 belge paketi / v1.0,,,2652,bd3dfc21bc412ba4dcab4d997258f08b2bf9bbd65269b7e1a809e89c4d81c7dd,2
NC-ARS-013,12_KULLANIM-REHBERI.md,01_GUNCEL_NAVIAR_CARE_1/BELGELER/01_BELGELER/12_KULLANIM-REHBERI.md,NAVIAR CARE 1 — son belgelenmiş teslim,DOC-012 belge paketi / v1.0,,,3100,9294ba5208331ba786d893e333dd425d7bba97c2b4d90a2bd2d251ae911f3da8,2
NC-ARS-014,13_GIZLILIK-VE-GUVENLIK.md,01_GUNCEL_NAVIAR_CARE_1/BELGELER/01_BELGELER/13_GIZLILIK-VE-GUVENLIK.md,NAVIAR CARE 1 — son belgelenmiş teslim,DOC-012 belge paketi / v1.0,,,3410,bc41e6f0f4e56bd6e35ed7ecb33dbdb7740c348a28c117389de0d5d94b46258a,2
NC-ARS-015,14_DIL-ICERIK-VE-SEO.md,01_GUNCEL_NAVIAR_CARE_1/BELGELER/01_BELGELER/14_DIL-ICERIK-VE-SEO.md,NAVIAR CARE 1 — son belgelenmiş teslim,DOC-012 belge paketi / v1.0,,,2903,e61135f86496afafbde2749ffa253a21acda726dfc8d9d91acd599f3517bca7f,2
NC-ARS-016,15_KURULUM-YAYIN-BAKIM.md,01_GUNCEL_NAVIAR_CARE_1/BELGELER/01_BELGELER/15_KURULUM-YAYIN-BAKIM.md,NAVIAR CARE 1 — son belgelenmiş teslim,DOC-012 belge paketi / v1.0,,,3670,f61e713687d6194b238cb520302b507bf5e6967bf33cbafcd95c08a54b50e47c,2
NC-ARS-017,16_TEST-VE-KALITE.md,01_GUNCEL_NAVIAR_CARE_1/BELGELER/01_BELGELER/16_TEST-VE-KALITE.md,NAVIAR CARE 1 — son belgelenmiş teslim,DOC-012 belge paketi / v1.0,,,2984,ee1f9801e5f9c745f3271b94994580e829a3a639e0f8e25a52e972f836f7e7d0,2
NC-ARS-018,17_ANALIZ-VE-BASARI-OLCUMU.md,01_GUNCEL_NAVIAR_CARE_1/BELGELER/01_BELGELER/17_ANALIZ-VE-BASARI-OLCUMU.md,NAVIAR CARE 1 — son belgelenmiş teslim,DOC-012 belge paketi / v1.0,,,2911,662cd3e0a39a9583798a069bf9fcf1bd6b6b924e4c622b86eb1ee3c693fee0b9,2
NC-ARS-019,18_ISLETIM-SABLONLARI.md,01_GUNCEL_NAVIAR_CARE_1/BELGELER/01_BELGELER/18_ISLETIM-SABLONLARI.md,NAVIAR CARE 1 — son belgelenmiş teslim,DOC-012 belge paketi / v1.0,,,2969,59a6b454887723574d63e8a09feaba5268d8d3d4ba8d118bc4c4ecf148c9a6f4,2
NC-ARS-020,19_ACILIS-KARAR-VE-DEVIR.md,01_GUNCEL_NAVIAR_CARE_1/BELGELER/01_BELGELER/19_ACILIS-KARAR-VE-DEVIR.md,NAVIAR CARE 1 — son belgelenmiş teslim,DOC-012 belge paketi / v1.0,,,3388,b4a0f832774ce3fcaf1e65308b14a138194c8af2fcf1792d21ca17e1d52d9990,2
NC-ARS-021,20_KAYNAKLAR-VE-KODU-KULLANMA.md,01_GUNCEL_NAVIAR_CARE_1/BELGELER/01_BELGELER/20_KAYNAKLAR-VE-KODU-KULLANMA.md,NAVIAR CARE 1 — son belgelenmiş teslim,DOC-012 belge paketi / v1.0,,,3481,d1d02c51a3bb8fa2660b45a6bc196dc394497f7dcc648378894eea67f07bc0b3,2
NC-ARS-022,ICERIK-NB-EN-TR.csv,01_GUNCEL_NAVIAR_CARE_1/BELGELER/02_DOGRULAMA/ICERIK-NB-EN-TR.csv,NAVIAR CARE 1 — son belgelenmiş teslim,DOC-012 belge paketi / v1.0,,,56166,bc31fc62bcd8aa3e4b9f68bc7380047f70c7435b991a8ecd16128e0eb89a3855,1
NC-ARS-023,KAYNAK-ENVANTERI.csv,01_GUNCEL_NAVIAR_CARE_1/BELGELER/02_DOGRULAMA/KAYNAK-ENVANTERI.csv,NAVIAR CARE 1 — son belgelenmiş teslim,DOC-012 belge paketi / v1.0,,,6355,b34bbd45a6683e90c8a87b3de31e0af3fb2c42bd20e99f55b1cd31a9ceaf63b9,1
NC-ARS-024,KAYNAK-SURUMU.json,01_GUNCEL_NAVIAR_CARE_1/BELGELER/02_DOGRULAMA/KAYNAK-SURUMU.json,NAVIAR CARE 1 — son belgelenmiş teslim,DOC-012 belge paketi / v1.0,,,517,8c3b92b172b55e3d3c021d6b643a2f8348dff5499a97fbb1d649a0b477b0dd4e,1
NC-ARS-025,ONCEKI-BELGELER-KAYDI.json,01_GUNCEL_NAVIAR_CARE_1/BELGELER/02_DOGRULAMA/ONCEKI-BELGELER-KAYDI.json,NAVIAR CARE 1 — son belgelenmiş teslim,DOC-012 belge paketi / v1.0,,,3047,55f9d27d9d14120e06229d3362520a6c6071629a54081939b3ce724c654735d6,1
NC-ARS-026,SAYFA-HARITASI.csv,01_GUNCEL_NAVIAR_CARE_1/BELGELER/02_DOGRULAMA/SAYFA-HARITASI.csv,NAVIAR CARE 1 — son belgelenmiş teslim,DOC-012 belge paketi / v1.0,,,2508,9fc395e2ec000596c6496a2d77a3773fe5490d73f78c9ab78b31e74bd6a2a46a,1
NC-ARS-027,TESLIM-DOGRULAMA.json,01_GUNCEL_NAVIAR_CARE_1/BELGELER/02_DOGRULAMA/TESLIM-DOGRULAMA.json,NAVIAR CARE 1 — son belgelenmiş teslim,DOC-012 belge paketi / v1.0,,,809,a931acaff37a67802b10a07e9c1e34f4795317a2a80b52e4e160153b984e790d,1
NC-ARS-028,TEST-SONUCLARI.txt,01_GUNCEL_NAVIAR_CARE_1/BELGELER/02_DOGRULAMA/TEST-SONUCLARI.txt,NAVIAR CARE 1 — son belgelenmiş teslim,DOC-012 belge paketi / v1.0,,,3744,ca8ae21bd2d231540f63b612fdcdb0f166914848814a6af63ef9cc1542e339c3,1
NC-ARS-029,VERI-SOZLUGU.csv,01_GUNCEL_NAVIAR_CARE_1/BELGELER/02_DOGRULAMA/VERI-SOZLUGU.csv,NAVIAR CARE 1 — son belgelenmiş teslim,DOC-012 belge paketi / v1.0,,,1878,9f8d7ca066d30628256b41de4be59c10c85088aef22472855fe59a39e5c8d50c,1
NC-ARS-030,VERITABANI-INDEKSLERI.csv,01_GUNCEL_NAVIAR_CARE_1/BELGELER/02_DOGRULAMA/VERITABANI-INDEKSLERI.csv,NAVIAR CARE 1 — son belgelenmiş teslim,DOC-012 belge paketi / v1.0,,,702,1df5c94fb2cd696f74f69308dcd0a184adfb87f6cae930af8dddd90f3bc23b3a,1
NC-ARS-031,YAPI-VE-DIL-KONTROLU.json,01_GUNCEL_NAVIAR_CARE_1/BELGELER/02_DOGRULAMA/YAPI-VE-DIL-KONTROLU.json,NAVIAR CARE 1 — son belgelenmiş teslim,DOC-012 belge paketi / v1.0,,,268,8d7189b982156f5941eae8147e09928ada40833459f5b8568950cc92c16080d1,1
NC-ARS-032,NAVIAR-CARE-001-WEB-01_DOC-001_KONSEPT_v1.0.html,01_GUNCEL_NAVIAR_CARE_1/BELGELER/03_ONCEKI_BELGELER/NAVIAR-CARE-001-WEB-01_DOC-001_KONSEPT_v1.0.html,NAVIAR CARE 1 — son belgelenmiş teslim,DOC-012 belge paketi / v1.0,,,11846,03c5c891552c1bb8b9afe0dc472641b65181e3a37766a3a421004f5f2b9e1807,2
NC-ARS-033,NAVIAR-CARE-001-WEB-01_DOC-005_LOGO-SECIM_v1.0.html,01_GUNCEL_NAVIAR_CARE_1/BELGELER/03_ONCEKI_BELGELER/NAVIAR-CARE-001-WEB-01_DOC-005_LOGO-SECIM_v1.0.html,NAVIAR CARE 1 — son belgelenmiş teslim,DOC-012 belge paketi / v1.0,,,356977,198dc15f2ab2802acac7381654e6b6819c407d27dcfd6a8d937164b869f93d47,2
NC-ARS-034,NAVIAR-CARE-001-WEB-01_DOC-007_GELISTIRME.html,01_GUNCEL_NAVIAR_CARE_1/BELGELER/03_ONCEKI_BELGELER/NAVIAR-CARE-001-WEB-01_DOC-007_GELISTIRME.html,NAVIAR CARE 1 — son belgelenmiş teslim,DOC-012 belge paketi / v1.0,,,11392,c0dacdd273e1c6a99e28e12ecc29725d8e52a7d662886f54292401207eada304,2
NC-ARS-035,NAVIAR-CARE-001-WEB-01_DOC-009_PLATFORM-STUDIO.html,01_GUNCEL_NAVIAR_CARE_1/BELGELER/03_ONCEKI_BELGELER/NAVIAR-CARE-001-WEB-01_DOC-009_PLATFORM-STUDIO.html,NAVIAR CARE 1 — son belgelenmiş teslim,DOC-012 belge paketi / v1.0,,,15182,1e2f36613a5f94913b7b481a71326d7b636a32e8a2d423a4f287483026e849c3,2
NC-ARS-036,NAVIAR-CARE-001-WEB-01_DOC-009_STUDIO_v2.2.html,01_GUNCEL_NAVIAR_CARE_1/BELGELER/03_ONCEKI_BELGELER/NAVIAR-CARE-001-WEB-01_DOC-009_STUDIO_v2.2.html,NAVIAR CARE 1 — son belgelenmiş teslim,DOC-012 belge paketi / v1.0,,,17592,c6269266b0e1aa77bf7546b32764e4658dddbf1999f2ceeb0acd95a8cb259e7e,2
NC-ARS-037,NAVIAR-CARE-001-WEB-01_DOC-010_FINAL-TESLIM_v2.4.html,01_GUNCEL_NAVIAR_CARE_1/BELGELER/03_ONCEKI_BELGELER/NAVIAR-CARE-001-WEB-01_DOC-010_FINAL-TESLIM_v2.4.html,NAVIAR CARE 1 — son belgelenmiş teslim,DOC-012 belge paketi / v1.0,,,10286,615f96be0e9ce851c167e38f23158b89dcdfd738dfdc717aa98273cfd7fb77e5,2
NC-ARS-038,NAVIAR-CARE-001-WEB-01_DOC-010_TESLIM_v2.4.html,01_GUNCEL_NAVIAR_CARE_1/BELGELER/03_ONCEKI_BELGELER/NAVIAR-CARE-001-WEB-01_DOC-010_TESLIM_v2.4.html,NAVIAR CARE 1 — son belgelenmiş teslim,DOC-012 belge paketi / v1.0,,,9806,8f41b2b62f3b7fa53c01abdde8bd08bfc45b00897242ff61cfe4e0ac9fa9f953,2
NC-ARS-039,NAVIAR-CARE-001-WEB-01_DOC-011_Konsept-ve-Web-Tasarimi_v1.0.docx,01_GUNCEL_NAVIAR_CARE_1/BELGELER/03_ONCEKI_BELGELER/NAVIAR-CARE-001-WEB-01_DOC-011_Konsept-ve-Web-Tasarimi_v1.0.docx,NAVIAR CARE 1 — son belgelenmiş teslim,DOC-012 belge paketi / v1.0,,,169375,eac059236ecb791ad8f8457636bd8917a6aa186e2a0932e8a884ae972cfe201b,2
NC-ARS-040,NAVIAR-CARE-001-WEB-01_DOC-011_Konsept-ve-Web-Tasarimi_v1.0.md,01_GUNCEL_NAVIAR_CARE_1/BELGELER/03_ONCEKI_BELGELER/NAVIAR-CARE-001-WEB-01_DOC-011_Konsept-ve-Web-Tasarimi_v1.0.md,NAVIAR CARE 1 — son belgelenmiş teslim,DOC-012 belge paketi / v1.0,,,23378,45b3b61b4b926807141e6de17d0c3b4b1c336d19ed7334fdf67846562cfa24ab,2
NC-ARS-041,NAVIAR-CARE-001-WEB-01_REV-20260904-01.md,01_GUNCEL_NAVIAR_CARE_1/BELGELER/03_ONCEKI_BELGELER/NAVIAR-CARE-001-WEB-01_REV-20260904-01.md,NAVIAR CARE 1 — son belgelenmiş teslim,DOC-012 belge paketi / v1.0,,,37955,98cfffd0df27cd26c68b6e48b2d023e926589cc105800cdf4ec7b86fc3c283e4,2
NC-ARS-042,BELGE-LISTESI.md,01_GUNCEL_NAVIAR_CARE_1/BELGELER/BELGE-LISTESI.md,NAVIAR CARE 1 — son belgelenmiş teslim,DOC-012 belge paketi / v1.0,,,2203,9203cbd43c098ce08332ed222222a61942cfaad2f00f73560a34239b41c70727,1
NC-ARS-043,NAVIAR-CARE-001-WEB-01_BELGE-LISTESI_v1.0.csv,01_GUNCEL_NAVIAR_CARE_1/BELGELER/NAVIAR-CARE-001-WEB-01_BELGE-LISTESI_v1.0.csv,NAVIAR CARE 1 — son belgelenmiş teslim,DOC-012 belge paketi / v1.0,,,3539,f723360529b32bbb926f67abfecf275a4f5a96f20f4271ca132f61dc306922c6,2
NC-ARS-044,NAVIAR-CARE-001-WEB-01_DOC-012_TUM-BELGELER_v1.0.html,01_GUNCEL_NAVIAR_CARE_1/BELGELER/NAVIAR-CARE-001-WEB-01_DOC-012_TUM-BELGELER_v1.0.html,NAVIAR CARE 1 — son belgelenmiş teslim,DOC-012 belge paketi / v1.0,,,78870,17da47b71a90efa344d6f9855d15558f77bab50638d447b0a5e08db2fb90118b,2
NC-ARS-045,NAVIAR-CARE-001-WEB-01_DOC-012_TUM-BELGELER_v1.0.md,01_GUNCEL_NAVIAR_CARE_1/BELGELER/NAVIAR-CARE-001-WEB-01_DOC-012_TUM-BELGELER_v1.0.md,NAVIAR CARE 1 — son belgelenmiş teslim,DOC-012 belge paketi / v1.0,,,61748,af83d992deb5c76efa97e0519a8544c215d5ef8f7a53ca7541f1fdc77d012cec,1
NC-ARS-046,SHA256SUMS.txt,01_GUNCEL_NAVIAR_CARE_1/BELGELER/SHA256SUMS.txt,NAVIAR CARE 1 — son belgelenmiş teslim,DOC-012 belge paketi / v1.0,,,4947,1205b398151231fe75325980b69df00e2b434bbe6f925047b41c11f8c662f113,1
NC-ARS-047,NAVIAR-CARE-001-WEB-01_KAYNAK-KOD_v2.4.0.zip,01_GUNCEL_NAVIAR_CARE_1/KOD/NAVIAR-CARE-001-WEB-01_KAYNAK-KOD_v2.4.0.zip,NAVIAR CARE 1 — kaynak kodu,Önceki teslimin doğrulanmış kaynak kodu ZIP dosyası,2.4.0,,4508715,eb75e82a9754acd239730195d760959f2a14a6ba5c30f5ac7634265d7fd3729f,1
NC-ARS-048,00_MASTER-INDEX.md,02_PROJE_KAYITLARI/NAVIAR CARE/00_MASTER-INDEX.md,Proje belgeleri ve önceki kayıtlar,/NAVIAR CARE/00_MASTER-INDEX.md,,2026-09-05T12:53:00.424925Z,3215,f3fc7a614cee0e01fd1b3746c111e49447c9284a0593359b6204001fa4d1a349,1
NC-ARS-049,NAVIAR-CARE-001-WEB-01_DOC-001_KONSEPT_v1.0.html,02_PROJE_KAYITLARI/NAVIAR CARE/01_BELGELER/NAVIAR-CARE-001-WEB-01_DOC-001_KONSEPT_v1.0.html,Proje belgeleri ve önceki kayıtlar,/NAVIAR CARE/01_BELGELER/NAVIAR-CARE-001-WEB-01_DOC-001_KONSEPT_v1.0.html,1,2026-09-04T23:15:41.436517Z,11846,03c5c891552c1bb8b9afe0dc472641b65181e3a37766a3a421004f5f2b9e1807,2
NC-ARS-050,NAVIAR-CARE-001-WEB-01_DOC-005_LOGO-SECIM_v1.0.html,02_PROJE_KAYITLARI/NAVIAR CARE/01_BELGELER/NAVIAR-CARE-001-WEB-01_DOC-005_LOGO-SECIM_v1.0.html,Proje belgeleri ve önceki kayıtlar,/NAVIAR CARE/01_BELGELER/NAVIAR-CARE-001-WEB-01_DOC-005_LOGO-SECIM_v1.0.html,,2026-09-04T23:25:34.448863Z,356977,198dc15f2ab2802acac7381654e6b6819c407d27dcfd6a8d937164b869f93d47,2
NC-ARS-051,NAVIAR-CARE-001-WEB-01_DOC-007_GELISTIRME.html,02_PROJE_KAYITLARI/NAVIAR CARE/01_BELGELER/NAVIAR-CARE-001-WEB-01_DOC-007_GELISTIRME.html,Proje belgeleri ve önceki kayıtlar,/NAVIAR CARE/01_BELGELER/NAVIAR-CARE-001-WEB-01_DOC-007_GELISTIRME.html,1,2026-09-05T02:55:59.251698Z,11392,c0dacdd273e1c6a99e28e12ecc29725d8e52a7d662886f54292401207eada304,2
NC-ARS-052,NAVIAR-CARE-001-WEB-01_DOC-010_TESLIM_v2.4.html,02_PROJE_KAYITLARI/NAVIAR CARE/01_BELGELER/NAVIAR-CARE-001-WEB-01_DOC-010_TESLIM_v2.4.html,Proje belgeleri ve önceki kayıtlar,/NAVIAR CARE/01_BELGELER/NAVIAR-CARE-001-WEB-01_DOC-010_TESLIM_v2.4.html,,2026-09-05T15:27:18.450280Z,9806,8f41b2b62f3b7fa53c01abdde8bd08bfc45b00897242ff61cfe4e0ac9fa9f953,2
NC-ARS-053,NAVIAR-CARE-001-WEB-01_DOC-011_Konsept-ve-Web-Tasarimi_v1.0.docx,02_PROJE_KAYITLARI/NAVIAR CARE/01_BELGELER/NAVIAR-CARE-001-WEB-01_DOC-011_Konsept-ve-Web-Tasarimi_v1.0.docx,Proje belgeleri ve önceki kayıtlar,/NAVIAR CARE/01_BELGELER/NAVIAR-CARE-001-WEB-01_DOC-011_Konsept-ve-Web-Tasarimi_v1.0.docx,,2026-09-05T21:05:42.097087Z,169375,eac059236ecb791ad8f8457636bd8917a6aa186e2a0932e8a884ae972cfe201b,2
NC-ARS-054,NAVIAR-CARE-001-WEB-01_DOC-011_Konsept-ve-Web-Tasarimi_v1.0.md,02_PROJE_KAYITLARI/NAVIAR CARE/01_BELGELER/NAVIAR-CARE-001-WEB-01_DOC-011_Konsept-ve-Web-Tasarimi_v1.0.md,Proje belgeleri ve önceki kayıtlar,/NAVIAR CARE/01_BELGELER/NAVIAR-CARE-001-WEB-01_DOC-011_Konsept-ve-Web-Tasarimi_v1.0.md,,2026-09-05T21:05:42.154009Z,23378,45b3b61b4b926807141e6de17d0c3b4b1c336d19ed7334fdf67846562cfa24ab,2
NC-ARS-055,NAVIAR-CARE-001-WEB-01_REV-20260904-01.md,02_PROJE_KAYITLARI/NAVIAR CARE/01_BELGELER/NAVIAR-CARE-001-WEB-01_REV-20260904-01.md,Proje belgeleri ve önceki kayıtlar,/NAVIAR CARE/01_BELGELER/NAVIAR-CARE-001-WEB-01_REV-20260904-01.md,2,2026-09-04T23:15:41.427000Z,37955,98cfffd0df27cd26c68b6e48b2d023e926589cc105800cdf4ec7b86fc3c283e4,2
NC-ARS-056,NAVIAR-CARE-1-2_TEST-RAPORU_2026-09-05.md,02_PROJE_KAYITLARI/NAVIAR CARE/01_BELGELER/NAVIAR-CARE-1-2_TEST-RAPORU_2026-09-05.md,Proje belgeleri ve önceki kayıtlar,/NAVIAR CARE/01_BELGELER/NAVIAR-CARE-1-2_TEST-RAPORU_2026-09-05.md,,2026-09-05T15:47:19.077509Z,3937,cd9ecc306f4511f4479681ac05955d9a2a6726a0844c4015a2014edb6514b23e,1
NC-ARS-057,NAVIAR-CARE_Icerik_NB-EN-TR.csv,02_PROJE_KAYITLARI/NAVIAR CARE/01_BELGELER/NAVIAR-CARE_Icerik_NB-EN-TR.csv,Proje belgeleri ve önceki kayıtlar,/NAVIAR CARE/01_BELGELER/NAVIAR-CARE_Icerik_NB-EN-TR.csv,2,2026-09-05T19:11:54.122821Z,46447,e1fd19fe3ef487320a06b4ee68337e629152cc3d29b4d1f0171f20c2466a60c4,1
NC-ARS-058,NAVIAR-CARE_Kurulum-ve-Kabul.md,02_PROJE_KAYITLARI/NAVIAR CARE/01_BELGELER/NAVIAR-CARE_Kurulum-ve-Kabul.md,Proje belgeleri ve önceki kayıtlar,/NAVIAR CARE/01_BELGELER/NAVIAR-CARE_Kurulum-ve-Kabul.md,,2026-09-05T03:02:19.422837Z,10227,e7feda6661553d3249104af0f4f5385a3b109401e158e23324554d2e979f111d,1
NC-ARS-059,NAVIAR-CARE_Profesyonel-Surum_Teslim.md,02_PROJE_KAYITLARI/NAVIAR CARE/01_BELGELER/NAVIAR-CARE_Profesyonel-Surum_Teslim.md,Proje belgeleri ve önceki kayıtlar,/NAVIAR CARE/01_BELGELER/NAVIAR-CARE_Profesyonel-Surum_Teslim.md,2,2026-09-05T19:11:54.021938Z,34908,f0c65eeef4534d7b8cc88e746953d39574315edd2bdd6dc327d8c5b6622c0dd0,1
NC-ARS-060,NAVIAR-CARE_SRC03_Proje-Dokumantasyonu_v1.0.docx,02_PROJE_KAYITLARI/NAVIAR CARE/01_BELGELER/NAVIAR-CARE_SRC03_Proje-Dokumantasyonu_v1.0.docx,Ayrı tasarım ve kaynak varyantları,/NAVIAR CARE/01_BELGELER/NAVIAR-CARE_SRC03_Proje-Dokumantasyonu_v1.0.docx,,2026-09-05T20:23:29.435530Z,68405,a7a543999d8d0af5464e23f9a63198cc1501fd441bc3959c54c0ae3dcb70ad76,1
NC-ARS-061,NAVIAR-CARE_SRC03_Proje-Dokumantasyonu_v1.0.md,02_PROJE_KAYITLARI/NAVIAR CARE/01_BELGELER/NAVIAR-CARE_SRC03_Proje-Dokumantasyonu_v1.0.md,Ayrı tasarım ve kaynak varyantları,/NAVIAR CARE/01_BELGELER/NAVIAR-CARE_SRC03_Proje-Dokumantasyonu_v1.0.md,,2026-09-05T20:23:29.512592Z,61323,e9a8f68a8e154fa075c6b0c1af4d41ef869cfd28e927bc7e152d5ca8705b0f0b,1
NC-ARS-062,NAVIAR-CARE_SRC03_Tam-Konsept.html,02_PROJE_KAYITLARI/NAVIAR CARE/01_BELGELER/NAVIAR-CARE_SRC03_Tam-Konsept.html,Ayrı tasarım ve kaynak varyantları,/NAVIAR CARE/01_BELGELER/NAVIAR-CARE_SRC03_Tam-Konsept.html,,2026-09-05T19:39:10.833728Z,45066,f336f5e1c10c5746b82f6deec3b328d9eac71021cb479ff554fe2d21745c6df8,1
NC-ARS-063,NAVIAR-CARE_SRC03_Tam-Konsept.md,02_PROJE_KAYITLARI/NAVIAR CARE/01_BELGELER/NAVIAR-CARE_SRC03_Tam-Konsept.md,Ayrı tasarım ve kaynak varyantları,/NAVIAR CARE/01_BELGELER/NAVIAR-CARE_SRC03_Tam-Konsept.md,,2026-09-05T19:39:10.771220Z,33555,2d3d3a4c3072bb7eb81810f0651e72516869cb6a5f7618d99e83aa6d545cbbbb,1
NC-ARS-064,NAVIAR-CARE_Web-Design-Platform-Studio_2026-09-05.md,02_PROJE_KAYITLARI/NAVIAR CARE/01_BELGELER/NAVIAR-CARE_Web-Design-Platform-Studio_2026-09-05.md,Proje belgeleri ve önceki kayıtlar,/NAVIAR CARE/01_BELGELER/NAVIAR-CARE_Web-Design-Platform-Studio_2026-09-05.md,1,2026-09-05T15:38:35.051817Z,24549,fb8415daf6294f802d6280d46fc1f99f60dc510f28432af601c24b4e5c99dc7a,1
NC-ARS-065,NAVIAR-MASTER-2026-001_DOC-KONSEPT-WEB-01_v1.0.html,02_PROJE_KAYITLARI/NAVIAR CARE/01_BELGELER/NAVIAR-MASTER-2026-001_DOC-KONSEPT-WEB-01_v1.0.html,Proje belgeleri ve önceki kayıtlar,/NAVIAR CARE/01_BELGELER/NAVIAR-MASTER-2026-001_DOC-KONSEPT-WEB-01_v1.0.html,,2026-09-05T19:41:40.315262Z,24995,b7f4f3a754d75fd2a838afd36a7e01353bab2283689962c0213f716bd6e33d26,1
NC-ARS-066,NAVIAR_Care_Yardimci_Kabul_Paketi_v1.docx,02_PROJE_KAYITLARI/NAVIAR CARE/01_BELGELER/NAVIAR_Care_Yardimci_Kabul_Paketi_v1.docx,Proje belgeleri ve önceki kayıtlar,/NAVIAR CARE/01_BELGELER/NAVIAR_Care_Yardimci_Kabul_Paketi_v1.docx,,2026-08-27T20:48:57.021529Z,60398,4150e0d283a900a4501eba4447ec41408c8bd40f7d6cb5f64f65859b236d623a,1
NC-ARS-067,P-011_NAVIAR_CARE.md,02_PROJE_KAYITLARI/NAVIAR CARE/01_BELGELER/P-011_NAVIAR_CARE.md,Ayrı tasarım ve kaynak varyantları,/NAVIAR CARE/01_BELGELER/P-011_NAVIAR_CARE.md,,2026-09-04T13:18:59.682444Z,1420,053ba85cbc7be3a029954df031b9b90f2fc824565d326ece623cd17ab449f25c,1
NC-ARS-068,00_BELGE-DIZINI.md,02_PROJE_KAYITLARI/NAVIAR CARE/01_BELGELER/TAM-BELGE-SETI_2026-09-05/00_BELGE-DIZINI.md,Proje belgeleri ve önceki kayıtlar,/NAVIAR CARE/01_BELGELER/TAM-BELGE-SETI_2026-09-05/00_BELGE-DIZINI.md,,2026-09-05T21:27:31.115884Z,3709,c1218f3bffe0f85223a223fdc2fcae2a21a6dbfa32d70fecaa7471ab03bf910c,1
NC-ARS-069,01_PROJE-KIMLIGI.md,02_PROJE_KAYITLARI/NAVIAR CARE/01_BELGELER/TAM-BELGE-SETI_2026-09-05/01_PROJE-KIMLIGI.md,Proje belgeleri ve önceki kayıtlar,/NAVIAR CARE/01_BELGELER/TAM-BELGE-SETI_2026-09-05/01_PROJE-KIMLIGI.md,,2026-09-05T21:27:26.090829Z,2262,bc41af0eb47a20622c39aba70f169af694d9e1237443f3fdcd976d3141d370f7,2
NC-ARS-070,02_KONSEPT-VE-IS-MODELI.md,02_PROJE_KAYITLARI/NAVIAR CARE/01_BELGELER/TAM-BELGE-SETI_2026-09-05/02_KONSEPT-VE-IS-MODELI.md,Proje belgeleri ve önceki kayıtlar,/NAVIAR CARE/01_BELGELER/TAM-BELGE-SETI_2026-09-05/02_KONSEPT-VE-IS-MODELI.md,,2026-09-05T21:27:26.136006Z,2829,4ef11a1e6604c778a4ce197f5062875b8b8cda50f7175ac0952d9cf800a1ffd6,2
NC-ARS-071,03_HIZMET-TASARIMI.md,02_PROJE_KAYITLARI/NAVIAR CARE/01_BELGELER/TAM-BELGE-SETI_2026-09-05/03_HIZMET-TASARIMI.md,Proje belgeleri ve önceki kayıtlar,/NAVIAR CARE/01_BELGELER/TAM-BELGE-SETI_2026-09-05/03_HIZMET-TASARIMI.md,,2026-09-05T21:27:26.145053Z,2849,9159fa3e8079c93819048ed2f17b1849d012df1b11fc99ed817d089754aaa7a3,2
NC-ARS-072,04_MARKA-VE-TASARIM.md,02_PROJE_KAYITLARI/NAVIAR CARE/01_BELGELER/TAM-BELGE-SETI_2026-09-05/04_MARKA-VE-TASARIM.md,Proje belgeleri ve önceki kayıtlar,/NAVIAR CARE/01_BELGELER/TAM-BELGE-SETI_2026-09-05/04_MARKA-VE-TASARIM.md,,2026-09-05T21:27:26.040620Z,2966,7dfa32de9bf45ac6eb539a56810bb19922ccbed9c9bd12973112faf5aa3d3a4a,2
NC-ARS-073,05_WEB-SAYFASI-NASIL-YAPILDI.md,02_PROJE_KAYITLARI/NAVIAR CARE/01_BELGELER/TAM-BELGE-SETI_2026-09-05/05_WEB-SAYFASI-NASIL-YAPILDI.md,Proje belgeleri ve önceki kayıtlar,/NAVIAR CARE/01_BELGELER/TAM-BELGE-SETI_2026-09-05/05_WEB-SAYFASI-NASIL-YAPILDI.md,,2026-09-05T21:27:26.952053Z,3927,7ece56e162a6ce0c4a8658dd01cbed70de31545673801de5bcd05ae837e60d07,2
NC-ARS-074,06_SAYFA-VE-DOSYA-HARITASI.md,02_PROJE_KAYITLARI/NAVIAR CARE/01_BELGELER/TAM-BELGE-SETI_2026-09-05/06_SAYFA-VE-DOSYA-HARITASI.md,Proje belgeleri ve önceki kayıtlar,/NAVIAR CARE/01_BELGELER/TAM-BELGE-SETI_2026-09-05/06_SAYFA-VE-DOSYA-HARITASI.md,,2026-09-05T21:27:26.103140Z,3172,64db2ecc9b2e260bc6a4da6c9bc58c9209614dced5c689036391779f4a9ac2a3,2
NC-ARS-075,07_MIMARI-VE-VERI.md,02_PROJE_KAYITLARI/NAVIAR CARE/01_BELGELER/TAM-BELGE-SETI_2026-09-05/07_MIMARI-VE-VERI.md,Proje belgeleri ve önceki kayıtlar,/NAVIAR CARE/01_BELGELER/TAM-BELGE-SETI_2026-09-05/07_MIMARI-VE-VERI.md,,2026-09-05T21:27:26.111204Z,3344,dc8d8581c1d1cdfe55c5ef2c6368c36c1254f0c8756c7d71b825abaf71d6492c,2
NC-ARS-076,08_REZERVASYON-AKISI.md,02_PROJE_KAYITLARI/NAVIAR CARE/01_BELGELER/TAM-BELGE-SETI_2026-09-05/08_REZERVASYON-AKISI.md,Proje belgeleri ve önceki kayıtlar,/NAVIAR CARE/01_BELGELER/TAM-BELGE-SETI_2026-09-05/08_REZERVASYON-AKISI.md,,2026-09-05T21:27:26.135510Z,3040,9bad401dbedc103ad693fe300f00bebc633a2abc730bdcda53513b5dbef1f725,2
NC-ARS-077,09_API-REFERANSI.md,02_PROJE_KAYITLARI/NAVIAR CARE/01_BELGELER/TAM-BELGE-SETI_2026-09-05/09_API-REFERANSI.md,Proje belgeleri ve önceki kayıtlar,/NAVIAR CARE/01_BELGELER/TAM-BELGE-SETI_2026-09-05/09_API-REFERANSI.md,,2026-09-05T21:27:26.135806Z,3865,cdda8923a9dbb60e2b7b66fcb531c1cf63702de18dba4328ca12cb2c7a4b656e,2
NC-ARS-078,10_ODEME-SISTEMI.md,02_PROJE_KAYITLARI/NAVIAR CARE/01_BELGELER/TAM-BELGE-SETI_2026-09-05/10_ODEME-SISTEMI.md,Proje belgeleri ve önceki kayıtlar,/NAVIAR CARE/01_BELGELER/TAM-BELGE-SETI_2026-09-05/10_ODEME-SISTEMI.md,,2026-09-05T21:27:26.149449Z,3133,2e9ad1c6affd29ffc679ec3d61f26995bfb5c786e0ffbee30ec11306822e5e75,2
NC-ARS-079,11_EPOSTA-SISTEMI.md,02_PROJE_KAYITLARI/NAVIAR CARE/01_BELGELER/TAM-BELGE-SETI_2026-09-05/11_EPOSTA-SISTEMI.md,Proje belgeleri ve önceki kayıtlar,/NAVIAR CARE/01_BELGELER/TAM-BELGE-SETI_2026-09-05/11_EPOSTA-SISTEMI.md,,2026-09-05T21:27:26.162286Z,2652,bd3dfc21bc412ba4dcab4d997258f08b2bf9bbd65269b7e1a809e89c4d81c7dd,2
NC-ARS-080,12_KULLANIM-REHBERI.md,02_PROJE_KAYITLARI/NAVIAR CARE/01_BELGELER/TAM-BELGE-SETI_2026-09-05/12_KULLANIM-REHBERI.md,Proje belgeleri ve önceki kayıtlar,/NAVIAR CARE/01_BELGELER/TAM-BELGE-SETI_2026-09-05/12_KULLANIM-REHBERI.md,,2026-09-05T21:27:26.063423Z,3100,9294ba5208331ba786d893e333dd425d7bba97c2b4d90a2bd2d251ae911f3da8,2
NC-ARS-081,13_GIZLILIK-VE-GUVENLIK.md,02_PROJE_KAYITLARI/NAVIAR CARE/01_BELGELER/TAM-BELGE-SETI_2026-09-05/13_GIZLILIK-VE-GUVENLIK.md,Proje belgeleri ve önceki kayıtlar,/NAVIAR CARE/01_BELGELER/TAM-BELGE-SETI_2026-09-05/13_GIZLILIK-VE-GUVENLIK.md,,2026-09-05T21:27:26.094719Z,3410,bc41e6f0f4e56bd6e35ed7ecb33dbdb7740c348a28c117389de0d5d94b46258a,2
NC-ARS-082,14_DIL-ICERIK-VE-SEO.md,02_PROJE_KAYITLARI/NAVIAR CARE/01_BELGELER/TAM-BELGE-SETI_2026-09-05/14_DIL-ICERIK-VE-SEO.md,Proje belgeleri ve önceki kayıtlar,/NAVIAR CARE/01_BELGELER/TAM-BELGE-SETI_2026-09-05/14_DIL-ICERIK-VE-SEO.md,,2026-09-05T21:27:26.120173Z,2903,e61135f86496afafbde2749ffa253a21acda726dfc8d9d91acd599f3517bca7f,2
NC-ARS-083,15_KURULUM-YAYIN-BAKIM.md,02_PROJE_KAYITLARI/NAVIAR CARE/01_BELGELER/TAM-BELGE-SETI_2026-09-05/15_KURULUM-YAYIN-BAKIM.md,Proje belgeleri ve önceki kayıtlar,/NAVIAR CARE/01_BELGELER/TAM-BELGE-SETI_2026-09-05/15_KURULUM-YAYIN-BAKIM.md,,2026-09-05T21:27:26.127638Z,3670,f61e713687d6194b238cb520302b507bf5e6967bf33cbafcd95c08a54b50e47c,2
NC-ARS-084,16_TEST-VE-KALITE.md,02_PROJE_KAYITLARI/NAVIAR CARE/01_BELGELER/TAM-BELGE-SETI_2026-09-05/16_TEST-VE-KALITE.md,Proje belgeleri ve önceki kayıtlar,/NAVIAR CARE/01_BELGELER/TAM-BELGE-SETI_2026-09-05/16_TEST-VE-KALITE.md,,2026-09-05T21:27:26.149720Z,2984,ee1f9801e5f9c745f3271b94994580e829a3a639e0f8e25a52e972f836f7e7d0,2
NC-ARS-085,17_ANALIZ-VE-BASARI-OLCUMU.md,02_PROJE_KAYITLARI/NAVIAR CARE/01_BELGELER/TAM-BELGE-SETI_2026-09-05/17_ANALIZ-VE-BASARI-OLCUMU.md,Proje belgeleri ve önceki kayıtlar,/NAVIAR CARE/01_BELGELER/TAM-BELGE-SETI_2026-09-05/17_ANALIZ-VE-BASARI-OLCUMU.md,,2026-09-05T21:27:26.074969Z,2911,662cd3e0a39a9583798a069bf9fcf1bd6b6b924e4c622b86eb1ee3c693fee0b9,2
NC-ARS-086,18_ISLETIM-SABLONLARI.md,02_PROJE_KAYITLARI/NAVIAR CARE/01_BELGELER/TAM-BELGE-SETI_2026-09-05/18_ISLETIM-SABLONLARI.md,Proje belgeleri ve önceki kayıtlar,/NAVIAR CARE/01_BELGELER/TAM-BELGE-SETI_2026-09-05/18_ISLETIM-SABLONLARI.md,,2026-09-05T21:27:30.299690Z,2969,59a6b454887723574d63e8a09feaba5268d8d3d4ba8d118bc4c4ecf148c9a6f4,2
NC-ARS-087,19_ACILIS-KARAR-VE-DEVIR.md,02_PROJE_KAYITLARI/NAVIAR CARE/01_BELGELER/TAM-BELGE-SETI_2026-09-05/19_ACILIS-KARAR-VE-DEVIR.md,Proje belgeleri ve önceki kayıtlar,/NAVIAR CARE/01_BELGELER/TAM-BELGE-SETI_2026-09-05/19_ACILIS-KARAR-VE-DEVIR.md,,2026-09-05T21:27:30.295076Z,3388,b4a0f832774ce3fcaf1e65308b14a138194c8af2fcf1792d21ca17e1d52d9990,2
NC-ARS-088,20_KAYNAKLAR-VE-KODU-KULLANMA.md,02_PROJE_KAYITLARI/NAVIAR CARE/01_BELGELER/TAM-BELGE-SETI_2026-09-05/20_KAYNAKLAR-VE-KODU-KULLANMA.md,Proje belgeleri ve önceki kayıtlar,/NAVIAR CARE/01_BELGELER/TAM-BELGE-SETI_2026-09-05/20_KAYNAKLAR-VE-KODU-KULLANMA.md,,2026-09-05T21:27:30.280894Z,3481,d1d02c51a3bb8fa2660b45a6bc196dc394497f7dcc648378894eea67f07bc0b3,2
NC-ARS-089,99_TESLIM-VE-DOGRULAMA.md,02_PROJE_KAYITLARI/NAVIAR CARE/01_BELGELER/TAM-BELGE-SETI_2026-09-05/99_TESLIM-VE-DOGRULAMA.md,Proje belgeleri ve önceki kayıtlar,/NAVIAR CARE/01_BELGELER/TAM-BELGE-SETI_2026-09-05/99_TESLIM-VE-DOGRULAMA.md,,2026-09-05T21:27:31.034708Z,4604,e8293609a5b92a759695ae59bcfcc007ed3a26a8be5ffcbb63265233e2e2cdcf,1
NC-ARS-090,ACILIS-KARARLARI.csv,02_PROJE_KAYITLARI/NAVIAR CARE/01_BELGELER/TAM-BELGE-SETI_2026-09-05/ACILIS-KARARLARI.csv,Proje belgeleri ve önceki kayıtlar,/NAVIAR CARE/01_BELGELER/TAM-BELGE-SETI_2026-09-05/ACILIS-KARARLARI.csv,,2026-09-05T21:27:31.105374Z,656,ae6b3c3d4ab3afed0b6b6416d209beea85a6eec5108b15473475e3da49d4fc49,1
NC-ARS-091,DOC-01_Proje-Kimligi-Konsept.md,02_PROJE_KAYITLARI/NAVIAR CARE/01_BELGELER/TAM-BELGE-SETI_2026-09-05/DOC-01_Proje-Kimligi-Konsept.md,Proje belgeleri ve önceki kayıtlar,/NAVIAR CARE/01_BELGELER/TAM-BELGE-SETI_2026-09-05/DOC-01_Proje-Kimligi-Konsept.md,,2026-09-05T21:27:31.116221Z,2369,da7369c11640d9a5cf8ac748a45f442f71aacc96530ac0a6b9c54186460732e0,1
NC-ARS-092,DOC-02_Arastirma-Plani.md,02_PROJE_KAYITLARI/NAVIAR CARE/01_BELGELER/TAM-BELGE-SETI_2026-09-05/DOC-02_Arastirma-Plani.md,Proje belgeleri ve önceki kayıtlar,/NAVIAR CARE/01_BELGELER/TAM-BELGE-SETI_2026-09-05/DOC-02_Arastirma-Plani.md,,2026-09-05T21:27:31.034488Z,2485,4eae00713c07becb2b7422a4e1ab99d6862a83f9151356add2b3305f03d5474e,1
NC-ARS-093,DOC-03_Hizmet-Katalogu.md,02_PROJE_KAYITLARI/NAVIAR CARE/01_BELGELER/TAM-BELGE-SETI_2026-09-05/DOC-03_Hizmet-Katalogu.md,Proje belgeleri ve önceki kayıtlar,/NAVIAR CARE/01_BELGELER/TAM-BELGE-SETI_2026-09-05/DOC-03_Hizmet-Katalogu.md,,2026-09-05T21:27:31.035133Z,2540,e15e626a34644aaea0e5c8348a1764ef8683103c18770d9de33a562aebaeff3c,1
NC-ARS-094,DOC-04_Roller-Yolculuklar.md,02_PROJE_KAYITLARI/NAVIAR CARE/01_BELGELER/TAM-BELGE-SETI_2026-09-05/DOC-04_Roller-Yolculuklar.md,Proje belgeleri ve önceki kayıtlar,/NAVIAR CARE/01_BELGELER/TAM-BELGE-SETI_2026-09-05/DOC-04_Roller-Yolculuklar.md,,2026-09-05T21:27:31.089962Z,2605,254753f0ea683c9261b131e37f96cf94d03f572f7d674c0e79f57bef02f84689,1
NC-ARS-095,DOC-05_Yetki-ve-Onay.md,02_PROJE_KAYITLARI/NAVIAR CARE/01_BELGELER/TAM-BELGE-SETI_2026-09-05/DOC-05_Yetki-ve-Onay.md,Proje belgeleri ve önceki kayıtlar,/NAVIAR CARE/01_BELGELER/TAM-BELGE-SETI_2026-09-05/DOC-05_Yetki-ve-Onay.md,,2026-09-05T21:27:31.053547Z,2495,730b39fba3cdbac52f626eefa4092929e831610f9996e35c6fd662a95bba463e,1
NC-ARS-096,DOC-06_Yardimci-Kabul-Egitim.md,02_PROJE_KAYITLARI/NAVIAR CARE/01_BELGELER/TAM-BELGE-SETI_2026-09-05/DOC-06_Yardimci-Kabul-Egitim.md,Proje belgeleri ve önceki kayıtlar,/NAVIAR CARE/01_BELGELER/TAM-BELGE-SETI_2026-09-05/DOC-06_Yardimci-Kabul-Egitim.md,,2026-09-05T21:27:31.033944Z,2650,630586a8402f022f14a0207870517421b2f06b2f6b20f90aacdd4899ba167548,1
NC-ARS-097,DOC-07_Ziyaret-Isletimi.md,02_PROJE_KAYITLARI/NAVIAR CARE/01_BELGELER/TAM-BELGE-SETI_2026-09-05/DOC-07_Ziyaret-Isletimi.md,Proje belgeleri ve önceki kayıtlar,/NAVIAR CARE/01_BELGELER/TAM-BELGE-SETI_2026-09-05/DOC-07_Ziyaret-Isletimi.md,,2026-09-05T21:27:31.084293Z,2384,4da336c1bb8d7c48bb406e5711cd757e699b1cc3ebfd0014d8f8732a5e5b9368,1
NC-ARS-098,DOC-08_Olay-ve-Sikayet.md,02_PROJE_KAYITLARI/NAVIAR CARE/01_BELGELER/TAM-BELGE-SETI_2026-09-05/DOC-08_Olay-ve-Sikayet.md,Proje belgeleri ve önceki kayıtlar,/NAVIAR CARE/01_BELGELER/TAM-BELGE-SETI_2026-09-05/DOC-08_Olay-ve-Sikayet.md,,2026-09-05T21:27:31.117885Z,2854,cbd8a21863e1c1873cfe1368ab0e2ad0eb6059e99461a2d1a0041b31872d2aa3,1
NC-ARS-099,DOC-09_Hizmet-Kosullari_NB-EN-TR.md,02_PROJE_KAYITLARI/NAVIAR CARE/01_BELGELER/TAM-BELGE-SETI_2026-09-05/DOC-09_Hizmet-Kosullari_NB-EN-TR.md,Proje belgeleri ve önceki kayıtlar,/NAVIAR CARE/01_BELGELER/TAM-BELGE-SETI_2026-09-05/DOC-09_Hizmet-Kosullari_NB-EN-TR.md,,2026-09-05T21:27:31.105129Z,5533,751e9c807c0508ad473bab631adcc9c216bc274a0062c97fbaf717627349a12e,1
NC-ARS-100,DOC-10_Gizlilik_NB-EN-TR.md,02_PROJE_KAYITLARI/NAVIAR CARE/01_BELGELER/TAM-BELGE-SETI_2026-09-05/DOC-10_Gizlilik_NB-EN-TR.md,Proje belgeleri ve önceki kayıtlar,/NAVIAR CARE/01_BELGELER/TAM-BELGE-SETI_2026-09-05/DOC-10_Gizlilik_NB-EN-TR.md,,2026-09-05T21:27:31.116415Z,6460,2fe0fa8a7c925983a7a1996bb532bb4b5ce3a8e02bca41e7c8701ccb5d97c678,1
NC-ARS-101,DOC-11_Veri-Saklama-Saglayicilar.md,02_PROJE_KAYITLARI/NAVIAR CARE/01_BELGELER/TAM-BELGE-SETI_2026-09-05/DOC-11_Veri-Saklama-Saglayicilar.md,Proje belgeleri ve önceki kayıtlar,/NAVIAR CARE/01_BELGELER/TAM-BELGE-SETI_2026-09-05/DOC-11_Veri-Saklama-Saglayicilar.md,,2026-09-05T21:27:31.116812Z,2891,744e0efbd5e1b4371e4f7c49c3c221c298f86ff6b4a80e86a22a973348dfdede,1
NC-ARS-102,DOC-12_DPIA-On-Degerlendirme.md,02_PROJE_KAYITLARI/NAVIAR CARE/01_BELGELER/TAM-BELGE-SETI_2026-09-05/DOC-12_DPIA-On-Degerlendirme.md,Proje belgeleri ve önceki kayıtlar,/NAVIAR CARE/01_BELGELER/TAM-BELGE-SETI_2026-09-05/DOC-12_DPIA-On-Degerlendirme.md,,2026-09-05T21:27:31.084652Z,2649,e61a86743665ebcf19e945116765b1235ac3c8991ee2e6c75a89ffe44056b93c,1
NC-ARS-103,DOC-13_Web-Tasarim-Mimarisi.md,02_PROJE_KAYITLARI/NAVIAR CARE/01_BELGELER/TAM-BELGE-SETI_2026-09-05/DOC-13_Web-Tasarim-Mimarisi.md,Proje belgeleri ve önceki kayıtlar,/NAVIAR CARE/01_BELGELER/TAM-BELGE-SETI_2026-09-05/DOC-13_Web-Tasarim-Mimarisi.md,,2026-09-05T21:27:31.058925Z,2244,c8806bedeb3171e1cb0512ac5b3671f4c424fbf2cc2c65ca47a268a66ad63bfa,1
NC-ARS-104,DOC-14_Icerik-ve-Acik-Dil.md,02_PROJE_KAYITLARI/NAVIAR CARE/01_BELGELER/TAM-BELGE-SETI_2026-09-05/DOC-14_Icerik-ve-Acik-Dil.md,Proje belgeleri ve önceki kayıtlar,/NAVIAR CARE/01_BELGELER/TAM-BELGE-SETI_2026-09-05/DOC-14_Icerik-ve-Acik-Dil.md,,2026-09-05T21:27:31.050105Z,2422,dca5b3a0b99cabd2af7bf91d4edb3e29e03030fbfd1eed82b09dc6cf268b3ec3,1
NC-ARS-105,DOC-15_Rezervasyon-API.md,02_PROJE_KAYITLARI/NAVIAR CARE/01_BELGELER/TAM-BELGE-SETI_2026-09-05/DOC-15_Rezervasyon-API.md,Proje belgeleri ve önceki kayıtlar,/NAVIAR CARE/01_BELGELER/TAM-BELGE-SETI_2026-09-05/DOC-15_Rezervasyon-API.md,,2026-09-05T21:27:31.090211Z,2462,75473aff5163927c41fccb4b05a2f73e93a335442e85ecb8eb30528c32082daa,1
NC-ARS-106,DOC-16_Teknik-Kurulum-Devir.md,02_PROJE_KAYITLARI/NAVIAR CARE/01_BELGELER/TAM-BELGE-SETI_2026-09-05/DOC-16_Teknik-Kurulum-Devir.md,Proje belgeleri ve önceki kayıtlar,/NAVIAR CARE/01_BELGELER/TAM-BELGE-SETI_2026-09-05/DOC-16_Teknik-Kurulum-Devir.md,,2026-09-05T21:27:31.117560Z,2689,40dd7bcc9687f5ae4ce9bc13ea4918dd696a677980c05c2d50e8905ab13dee92,1
NC-ARS-107,DOC-17_Odeme-Iade-Mutabakat.md,02_PROJE_KAYITLARI/NAVIAR CARE/01_BELGELER/TAM-BELGE-SETI_2026-09-05/DOC-17_Odeme-Iade-Mutabakat.md,Proje belgeleri ve önceki kayıtlar,/NAVIAR CARE/01_BELGELER/TAM-BELGE-SETI_2026-09-05/DOC-17_Odeme-Iade-Mutabakat.md,,2026-09-05T21:27:31.116651Z,2234,9913607bac0730164a7880d8a8cf72e2f93473c16aba80bb2baead7368a181f4,1
NC-ARS-108,DOC-18_Eposta_NB-EN-TR.md,02_PROJE_KAYITLARI/NAVIAR CARE/01_BELGELER/TAM-BELGE-SETI_2026-09-05/DOC-18_Eposta_NB-EN-TR.md,Proje belgeleri ve önceki kayıtlar,/NAVIAR CARE/01_BELGELER/TAM-BELGE-SETI_2026-09-05/DOC-18_Eposta_NB-EN-TR.md,,2026-09-05T21:27:35.396857Z,3636,8c9dd251e2af1be59c75f66945a78b5bd644b62be977dfa0ddaa1b2d2c8a41a7,1
NC-ARS-109,DOC-19_Analiz-ve-Tahmin.md,02_PROJE_KAYITLARI/NAVIAR CARE/01_BELGELER/TAM-BELGE-SETI_2026-09-05/DOC-19_Analiz-ve-Tahmin.md,Proje belgeleri ve önceki kayıtlar,/NAVIAR CARE/01_BELGELER/TAM-BELGE-SETI_2026-09-05/DOC-19_Analiz-ve-Tahmin.md,,2026-09-05T21:27:35.421302Z,2598,b56ce7be16cb6161abd3c5ca5449d8c170ca998b0daa9addba168a2846df0e08,1
NC-ARS-110,DOC-20_Test-ve-Kabul.md,02_PROJE_KAYITLARI/NAVIAR CARE/01_BELGELER/TAM-BELGE-SETI_2026-09-05/DOC-20_Test-ve-Kabul.md,Proje belgeleri ve önceki kayıtlar,/NAVIAR CARE/01_BELGELER/TAM-BELGE-SETI_2026-09-05/DOC-20_Test-ve-Kabul.md,,2026-09-05T21:27:35.351650Z,2274,7c9757d09a634d7adcea3288222b6de2588eb00e78fda10951970d882a584c7f,1
NC-ARS-111,DOC-21_Guvenlik-Yedek-Bakim.md,02_PROJE_KAYITLARI/NAVIAR CARE/01_BELGELER/TAM-BELGE-SETI_2026-09-05/DOC-21_Guvenlik-Yedek-Bakim.md,Proje belgeleri ve önceki kayıtlar,/NAVIAR CARE/01_BELGELER/TAM-BELGE-SETI_2026-09-05/DOC-21_Guvenlik-Yedek-Bakim.md,,2026-09-05T21:27:35.383451Z,2592,b125b8c928ca4bb6bbdfd9c5060277795773c2f7dc316823c6a37e8b052534fa,1
NC-ARS-112,DOC-22_Fiyat-Finans.md,02_PROJE_KAYITLARI/NAVIAR CARE/01_BELGELER/TAM-BELGE-SETI_2026-09-05/DOC-22_Fiyat-Finans.md,Proje belgeleri ve önceki kayıtlar,/NAVIAR CARE/01_BELGELER/TAM-BELGE-SETI_2026-09-05/DOC-22_Fiyat-Finans.md,,2026-09-05T21:27:35.415214Z,2161,927fcf2cf09790f11a789a8762a79787d4ca2155e27081e91b16c6ae3f3a2551,1
NC-ARS-113,DOC-23_Pilot-Acilis.md,02_PROJE_KAYITLARI/NAVIAR CARE/01_BELGELER/TAM-BELGE-SETI_2026-09-05/DOC-23_Pilot-Acilis.md,Proje belgeleri ve önceki kayıtlar,/NAVIAR CARE/01_BELGELER/TAM-BELGE-SETI_2026-09-05/DOC-23_Pilot-Acilis.md,,2026-09-05T21:27:35.407729Z,2846,ada85efd452f7d7bc002fe8b92ad582857a15e5da206014a382d629c7d3d7411,1
NC-ARS-114,DOC-24_Karar-Kaynak-Yonetimi.md,02_PROJE_KAYITLARI/NAVIAR CARE/01_BELGELER/TAM-BELGE-SETI_2026-09-05/DOC-24_Karar-Kaynak-Yonetimi.md,Proje belgeleri ve önceki kayıtlar,/NAVIAR CARE/01_BELGELER/TAM-BELGE-SETI_2026-09-05/DOC-24_Karar-Kaynak-Yonetimi.md,,2026-09-05T21:27:35.388453Z,2604,a3cd1c69a4cb3bbd99f048026b7564461477a71ec1442ac7fd67c277516ec4ce,1
NC-ARS-115,DOC-25_Operasyon-Formlari.md,02_PROJE_KAYITLARI/NAVIAR CARE/01_BELGELER/TAM-BELGE-SETI_2026-09-05/DOC-25_Operasyon-Formlari.md,Proje belgeleri ve önceki kayıtlar,/NAVIAR CARE/01_BELGELER/TAM-BELGE-SETI_2026-09-05/DOC-25_Operasyon-Formlari.md,,2026-09-05T21:27:35.379609Z,2904,7e77b2a6378ab14c44cddf4977caf95f248838c20060c5d85799f3b6ffe56d24,1
NC-ARS-116,DOSYA-ENVANTERI.csv,02_PROJE_KAYITLARI/NAVIAR CARE/01_BELGELER/TAM-BELGE-SETI_2026-09-05/DOSYA-ENVANTERI.csv,Proje belgeleri ve önceki kayıtlar,/NAVIAR CARE/01_BELGELER/TAM-BELGE-SETI_2026-09-05/DOSYA-ENVANTERI.csv,,2026-09-05T21:27:35.438661Z,3662,75e911be3425e88237c7dbb383f35dc567ffb0aa72a0c3a591e429bc2f9acec1,1
NC-ARS-117,EK-01_Web-Icerigi_NB-EN-TR.csv,02_PROJE_KAYITLARI/NAVIAR CARE/01_BELGELER/TAM-BELGE-SETI_2026-09-05/EK-01_Web-Icerigi_NB-EN-TR.csv,Proje belgeleri ve önceki kayıtlar,/NAVIAR CARE/01_BELGELER/TAM-BELGE-SETI_2026-09-05/EK-01_Web-Icerigi_NB-EN-TR.csv,,2026-09-05T21:27:35.433430Z,44247,6c7842b4dae344b407a5f260013f6e8576b3ff4e74b9d831d7d12484fc99317e,1
NC-ARS-118,FINANS-ORNEK.csv,02_PROJE_KAYITLARI/NAVIAR CARE/01_BELGELER/TAM-BELGE-SETI_2026-09-05/FINANS-ORNEK.csv,Proje belgeleri ve önceki kayıtlar,/NAVIAR CARE/01_BELGELER/TAM-BELGE-SETI_2026-09-05/FINANS-ORNEK.csv,,2026-09-05T21:27:35.360138Z,416,f9fde9468c7722dbe774f8cec18c090913e4a3cd01f83093cde6be8534f63f54,1
NC-ARS-119,KABUL-SENARYOLARI.csv,02_PROJE_KAYITLARI/NAVIAR CARE/01_BELGELER/TAM-BELGE-SETI_2026-09-05/KABUL-SENARYOLARI.csv,Proje belgeleri ve önceki kayıtlar,/NAVIAR CARE/01_BELGELER/TAM-BELGE-SETI_2026-09-05/KABUL-SENARYOLARI.csv,,2026-09-05T21:27:35.403692Z,6090,25997bdfcd89e62710045b3ebfe1a2f1e2d2ff72bc42239d23d464b02da25be4,1
NC-ARS-120,KAYNAK-ENVANTERI.csv,02_PROJE_KAYITLARI/NAVIAR CARE/01_BELGELER/TAM-BELGE-SETI_2026-09-05/KAYNAK-ENVANTERI.csv,Proje belgeleri ve önceki kayıtlar,/NAVIAR CARE/01_BELGELER/TAM-BELGE-SETI_2026-09-05/KAYNAK-ENVANTERI.csv,,2026-09-05T21:27:35.372748Z,21317,6ba13d8ebfa541e63445969822dbf68b60723a8fe49530e45ba10868ce6ed3dc,1
NC-ARS-121,NAVIAR-CARE-001-WEB-01_BELGE-LISTESI_v1.0.csv,02_PROJE_KAYITLARI/NAVIAR CARE/01_BELGELER/TAM-BELGE-SETI_2026-09-05/NAVIAR-CARE-001-WEB-01_BELGE-LISTESI_v1.0.csv,Proje belgeleri ve önceki kayıtlar,/NAVIAR CARE/01_BELGELER/TAM-BELGE-SETI_2026-09-05/NAVIAR-CARE-001-WEB-01_BELGE-LISTESI_v1.0.csv,,2026-09-05T21:27:26.161997Z,3539,f723360529b32bbb926f67abfecf275a4f5a96f20f4271ca132f61dc306922c6,2
NC-ARS-122,NAVIAR-CARE-001-WEB-01_DOC-012_TUM-BELGELER_v1.0.html,02_PROJE_KAYITLARI/NAVIAR CARE/01_BELGELER/TAM-BELGE-SETI_2026-09-05/NAVIAR-CARE-001-WEB-01_DOC-012_TUM-BELGELER_v1.0.html,Proje belgeleri ve önceki kayıtlar,/NAVIAR CARE/01_BELGELER/TAM-BELGE-SETI_2026-09-05/NAVIAR-CARE-001-WEB-01_DOC-012_TUM-BELGELER_v1.0.html,,2026-09-05T21:27:26.099657Z,78870,17da47b71a90efa344d6f9855d15558f77bab50638d447b0a5e08db2fb90118b,2
NC-ARS-123,NAVIAR-CARE_Belge-Arsivi_2026-09-05.zip,02_PROJE_KAYITLARI/NAVIAR CARE/01_BELGELER/TAM-BELGE-SETI_2026-09-05/NAVIAR-CARE_Belge-Arsivi_2026-09-05.zip,Proje belgeleri ve önceki kayıtlar,/NAVIAR CARE/01_BELGELER/TAM-BELGE-SETI_2026-09-05/NAVIAR-CARE_Belge-Arsivi_2026-09-05.zip,,2026-09-05T21:27:35.417867Z,171295,aff1cf6cc773ba813e5f99c0dc3680975efe1d654642c7e30aca96bbd55d1f36,1
NC-ARS-124,NAVIAR-CARE_Tam-Belge-Seti_2026-09-05.docx,02_PROJE_KAYITLARI/NAVIAR CARE/01_BELGELER/TAM-BELGE-SETI_2026-09-05/NAVIAR-CARE_Tam-Belge-Seti_2026-09-05.docx,Proje belgeleri ve önceki kayıtlar,/NAVIAR CARE/01_BELGELER/TAM-BELGE-SETI_2026-09-05/NAVIAR-CARE_Tam-Belge-Seti_2026-09-05.docx,,2026-09-05T21:27:35.426567Z,70632,7e9b013319fbd4f8fd1945db3195fc6d25cb77040ef6a3cd8e59a5ecb0a97927,1
NC-ARS-125,NAVIAR-CARE_Tam-Belge-Seti_2026-09-05.md,02_PROJE_KAYITLARI/NAVIAR CARE/01_BELGELER/TAM-BELGE-SETI_2026-09-05/NAVIAR-CARE_Tam-Belge-Seti_2026-09-05.md,Proje belgeleri ve önceki kayıtlar,/NAVIAR CARE/01_BELGELER/TAM-BELGE-SETI_2026-09-05/NAVIAR-CARE_Tam-Belge-Seti_2026-09-05.md,,2026-09-05T21:27:35.411853Z,65769,ae2bc1001ad077f928c2621a504bc42ef0a3b66d5816c33bc30ae6e8185e5b11,1
NC-ARS-126,SHA256SUMS.txt,02_PROJE_KAYITLARI/NAVIAR CARE/01_BELGELER/TAM-BELGE-SETI_2026-09-05/SHA256SUMS.txt,Proje belgeleri ve önceki kayıtlar,/NAVIAR CARE/01_BELGELER/TAM-BELGE-SETI_2026-09-05/SHA256SUMS.txt,,2026-09-05T21:27:35.847018Z,3288,7ec5b604beabcdba4badeb2576a1129d65253c829502f7fd85e5fb7cb3901ba4,1
NC-ARS-127,2026-08-26-naviar-care-3x10-strategic-reframe.md,02_PROJE_KAYITLARI/NAVIAR CARE/02_ARASTIRMA/2026-08-26-naviar-care-3x10-strategic-reframe.md,Araştırma ve iş modeli,/NAVIAR CARE/02_ARASTIRMA/2026-08-26-naviar-care-3x10-strategic-reframe.md,,2026-08-27T20:02:53.521089Z,10852,f190232fe71b81836931dcaab24294a28b98613536fe81a9facadfaf801b9eff,1
NC-ARS-128,2026-08-26-naviar-care-pilot.md,02_PROJE_KAYITLARI/NAVIAR CARE/02_ARASTIRMA/2026-08-26-naviar-care-pilot.md,Araştırma ve iş modeli,/NAVIAR CARE/02_ARASTIRMA/2026-08-26-naviar-care-pilot.md,1,2026-08-29T15:16:30.661352Z,26664,6c2721b34ebd54786fd04d9da83a76dd73d89788fffaa8156b70e7995ded4d21,1
NC-ARS-129,2026-08-26-naviar-care-tjenestevurdering.md,02_PROJE_KAYITLARI/NAVIAR CARE/02_ARASTIRMA/2026-08-26-naviar-care-tjenestevurdering.md,Araştırma ve iş modeli,/NAVIAR CARE/02_ARASTIRMA/2026-08-26-naviar-care-tjenestevurdering.md,,2026-08-27T20:02:55.019546Z,9960,fc8cbfdda3e55571dc74b7bfb69f0b70c792c229f718af828cc965852d840624,1
NC-ARS-130,2026-08-29-naviar-care-lavrisiko-tjenesteforskning.md,02_PROJE_KAYITLARI/NAVIAR CARE/02_ARASTIRMA/2026-08-29-naviar-care-lavrisiko-tjenesteforskning.md,Araştırma ve iş modeli,/NAVIAR CARE/02_ARASTIRMA/2026-08-29-naviar-care-lavrisiko-tjenesteforskning.md,,2026-08-29T15:16:46.936121Z,17324,cd4c6be39313da90810c050dcffe65301a50ce6459ed53a0465df67bca5b0772,1
NC-ARS-131,NAVIAR-CARE-Business-Model-v1.0.md,02_PROJE_KAYITLARI/NAVIAR CARE/02_ARASTIRMA/NAVIAR-CARE-Business-Model-v1.0.md,Araştırma ve iş modeli,/NAVIAR CARE/02_ARASTIRMA/NAVIAR-CARE-Business-Model-v1.0.md,,2026-08-27T20:03:14.141466Z,20998,a0abda15fdd1a8d6954a4cfbf5b0498884c070e8429557df5ab82e95d3dea53f,1
NC-ARS-132,NAVIAR_is_modeli_v1.md,02_PROJE_KAYITLARI/NAVIAR CARE/02_ARASTIRMA/NAVIAR_is_modeli_v1.md,Araştırma ve iş modeli,/NAVIAR CARE/02_ARASTIRMA/NAVIAR_is_modeli_v1.md,,2026-08-27T20:03:41.100526Z,18430,83108370458ac5fa6ed39a062c4bf6db84f0720a6bdaa4292cdfe55e810a9aee,1
NC-ARS-133,naviar-care-competitor-research.md,02_PROJE_KAYITLARI/NAVIAR CARE/02_ARASTIRMA/naviar-care-competitor-research.md,Araştırma ve iş modeli,/NAVIAR CARE/02_ARASTIRMA/naviar-care-competitor-research.md,,2026-08-27T20:03:08.245225Z,9940,85b05a53a0ecf5cf42226052d6c72260bcd7d7f188a477adb9c9010d6a942457,1
NC-ARS-134,02_FILE-REGISTER.md,02_PROJE_KAYITLARI/NAVIAR CARE/02_FILE-REGISTER.md,Proje belgeleri ve önceki kayıtlar,/NAVIAR CARE/02_FILE-REGISTER.md,,2026-09-05T12:53:02.104790Z,4534,6598183f3a404bae38ba24b02556111b5df24f22410652dd1b46ed2f4303a2a9,1
NC-ARS-135,Metallisk NAVIAR CARE-presentasjonslogo.png,02_PROJE_KAYITLARI/NAVIAR CARE/03_MARKA_VE_TASARIM/Metallisk NAVIAR CARE-presentasjonslogo.png,Marka ve tasarım,/NAVIAR CARE/03_MARKA_VE_TASARIM/Metallisk NAVIAR CARE-presentasjonslogo.png,,2026-08-27T21:13:25.264059Z,1665507,b1dc304e2291ac81b5088b4f7107a1456729fbb1c6ed5849d102e1b2a15ef984,1
NC-ARS-136,NAVIAR CARE på fire kontaktpunkter.png,02_PROJE_KAYITLARI/NAVIAR CARE/03_MARKA_VE_TASARIM/NAVIAR CARE på fire kontaktpunkter.png,Marka ve tasarım,/NAVIAR CARE/03_MARKA_VE_TASARIM/NAVIAR CARE på fire kontaktpunkter.png,,2026-08-27T21:13:04.961905Z,1738159,dfc3bd6ee0f5a81224f0d830a465cfff99ccbadb9237170b7cbcbdc9724e2034,1
NC-ARS-137,NAVIAR CARE – et elegant navigasjonsbånd.png,02_PROJE_KAYITLARI/NAVIAR CARE/03_MARKA_VE_TASARIM/NAVIAR CARE – et elegant navigasjonsbånd.png,Marka ve tasarım,/NAVIAR CARE/03_MARKA_VE_TASARIM/NAVIAR CARE – et elegant navigasjonsbånd.png,,2026-08-24T17:20:25.513576Z,411828,3323440bb3b6fe72b96155bbec4ed36156ed9ffd7666ae5589cc548316d6b082,1
NC-ARS-138,NAVIAR CARE – nordisk omsorgslogo.png,02_PROJE_KAYITLARI/NAVIAR CARE/03_MARKA_VE_TASARIM/NAVIAR CARE – nordisk omsorgslogo.png,Marka ve tasarım,/NAVIAR CARE/03_MARKA_VE_TASARIM/NAVIAR CARE – nordisk omsorgslogo.png,,2026-08-24T17:20:30.547626Z,354669,800f880650fd238cdc5af0728eb203c312275ba81be0b821262b5fdeeff32bc7,1
NC-ARS-139,NAVIAR CARE-logo i flate nordiske farger.png,02_PROJE_KAYITLARI/NAVIAR CARE/03_MARKA_VE_TASARIM/NAVIAR CARE-logo i flate nordiske farger.png,Marka ve tasarım,/NAVIAR CARE/03_MARKA_VE_TASARIM/NAVIAR CARE-logo i flate nordiske farger.png,,2026-08-24T17:20:27.853913Z,907647,c88b1b61b7c48921fb7480ee1821eb08390a60f63d802a9d1b5d0ac24f4cad20,1
NC-ARS-140,NAVIAR CARE-logo med omsorgsikon.png,02_PROJE_KAYITLARI/NAVIAR CARE/03_MARKA_VE_TASARIM/NAVIAR CARE-logo med omsorgsikon.png,Marka ve tasarım,/NAVIAR CARE/03_MARKA_VE_TASARIM/NAVIAR CARE-logo med omsorgsikon.png,,2026-08-27T20:48:15.547003Z,502252,a36ab49aad4588d97b63535d05365f9873d979a62b770dc76055af185065cf6b,1
NC-ARS-141,NAVIAR CARE-logo på mørk marineblå bakgrunn.png,02_PROJE_KAYITLARI/NAVIAR CARE/03_MARKA_VE_TASARIM/NAVIAR CARE-logo på mørk marineblå bakgrunn.png,Marka ve tasarım,/NAVIAR CARE/03_MARKA_VE_TASARIM/NAVIAR CARE-logo på mørk marineblå bakgrunn.png,,2026-08-27T21:14:10.866158Z,1142242,d1c9e88200f8f854a042c409538a241fe90558929f73403a67c734fb8cdd720e,1
NC-ARS-142,NAVIAR CARE-logo.png,02_PROJE_KAYITLARI/NAVIAR CARE/03_MARKA_VE_TASARIM/NAVIAR CARE-logo.png,Marka ve tasarım,/NAVIAR CARE/03_MARKA_VE_TASARIM/NAVIAR CARE-logo.png,,2026-08-27T21:13:06.360546Z,208662,847bfc2e47b782d7f9d08b75080e0e9d56f6545a1b46978695d3a37525c1747b,1
NC-ARS-143,NAVIAR Care: Velg ekspert og tid.png,02_PROJE_KAYITLARI/NAVIAR CARE/03_MARKA_VE_TASARIM/NAVIAR Care: Velg ekspert og tid.png,Marka ve tasarım,/NAVIAR CARE/03_MARKA_VE_TASARIM/NAVIAR Care: Velg ekspert og tid.png,,2026-08-27T20:48:26.174163Z,1196259,aab85680e3cf54bed7c3f3db8109d47a9a9bc862fc5812a87d5cc81f7aafaa3d,1
NC-ARS-144,NAVIAR-CARE-001_CHANGELOG_v0.2.md,02_PROJE_KAYITLARI/NAVIAR CARE/03_MARKA_VE_TASARIM/NAVIAR-CARE-001_CHANGELOG_v0.2.md,Marka ve tasarım,/NAVIAR CARE/03_MARKA_VE_TASARIM/NAVIAR-CARE-001_CHANGELOG_v0.2.md,,2026-08-27T20:48:11.087759Z,1732,fcc0b1869a1129e1cd7b3b443b9e4239693cc040fa6c48e4c7eae57d136b8448,1
NC-ARS-145,NAVIAR-CARE-001_CHANGELOG_v0.3.md,02_PROJE_KAYITLARI/NAVIAR CARE/03_MARKA_VE_TASARIM/NAVIAR-CARE-001_CHANGELOG_v0.3.md,Marka ve tasarım,/NAVIAR CARE/03_MARKA_VE_TASARIM/NAVIAR-CARE-001_CHANGELOG_v0.3.md,,2026-08-27T20:04:14.560484Z,2014,cb8cf4aa6528ed0d1c5a6c5e7f3937c66e7aa0eb1892d74a5a4210236972ec7a,1
NC-ARS-146,NAVIAR-CARE-001_QA_PACK_v0.2.pdf,02_PROJE_KAYITLARI/NAVIAR CARE/03_MARKA_VE_TASARIM/NAVIAR-CARE-001_QA_PACK_v0.2.pdf,Marka ve tasarım,/NAVIAR CARE/03_MARKA_VE_TASARIM/NAVIAR-CARE-001_QA_PACK_v0.2.pdf,,2026-08-27T20:47:05.458618Z,189814,8472c16be8df12fdb420ae612744fcd6e9865b811d112c1f3a9c21c0576f26ef,1
NC-ARS-147,NAVIAR-CARE-001_STANDARD_GATE_v0.2.md,02_PROJE_KAYITLARI/NAVIAR CARE/03_MARKA_VE_TASARIM/NAVIAR-CARE-001_STANDARD_GATE_v0.2.md,Marka ve tasarım,/NAVIAR CARE/03_MARKA_VE_TASARIM/NAVIAR-CARE-001_STANDARD_GATE_v0.2.md,,2026-08-27T20:47:42.189445Z,2595,81d1e1353e8c774245cc99f6b931768596b4fe34f35f6241a6e4ea91f330587b,1
NC-ARS-148,NAVIAR-CARE-001_STANDARD_GATE_v0.3.md,02_PROJE_KAYITLARI/NAVIAR CARE/03_MARKA_VE_TASARIM/NAVIAR-CARE-001_STANDARD_GATE_v0.3.md,Marka ve tasarım,/NAVIAR CARE/03_MARKA_VE_TASARIM/NAVIAR-CARE-001_STANDARD_GATE_v0.3.md,,2026-08-27T20:03:43.157532Z,1380,6831e6f7c1ff8c554f33f64d97e1b7f16ef7880242381f1bc6eda051e1ed20eb,1
NC-ARS-149,NAVIAR-CARE-001_STANDARD_QA_v0.2.png,02_PROJE_KAYITLARI/NAVIAR CARE/03_MARKA_VE_TASARIM/NAVIAR-CARE-001_STANDARD_QA_v0.2.png,Marka ve tasarım,/NAVIAR CARE/03_MARKA_VE_TASARIM/NAVIAR-CARE-001_STANDARD_QA_v0.2.png,,2026-08-27T20:47:04.112505Z,280117,7b48284d21dc33cb18584d025f0f39597cb275c41564bb0b5e030a35c9560e3b,3
NC-ARS-150,NAVIAR-CARE-001_STANDARD_QA_v0.3.png,02_PROJE_KAYITLARI/NAVIAR CARE/03_MARKA_VE_TASARIM/NAVIAR-CARE-001_STANDARD_QA_v0.3.png,Marka ve tasarım,/NAVIAR CARE/03_MARKA_VE_TASARIM/NAVIAR-CARE-001_STANDARD_QA_v0.3.png,,2026-08-27T20:04:11.417453Z,385744,49347f6c9f8988efec1be79fb30b5fbdd759e46c25f4ebfc08647b8105e9856d,1
NC-ARS-151,NAVIAR-CARE-001_lockup_mono_black_v0.2.svg,02_PROJE_KAYITLARI/NAVIAR CARE/03_MARKA_VE_TASARIM/NAVIAR-CARE-001_lockup_mono_black_v0.2.svg,Marka ve tasarım,/NAVIAR CARE/03_MARKA_VE_TASARIM/NAVIAR-CARE-001_lockup_mono_black_v0.2.svg,,2026-08-27T20:47:43.577648Z,1330,37e994b90db1761e2b0beeba4c41bd8c1281e04819f9c4e029b0868fd5031ddb,1
NC-ARS-152,NAVIAR-CARE-001_lockup_mono_black_v0.3.svg,02_PROJE_KAYITLARI/NAVIAR CARE/03_MARKA_VE_TASARIM/NAVIAR-CARE-001_lockup_mono_black_v0.3.svg,Marka ve tasarım,/NAVIAR CARE/03_MARKA_VE_TASARIM/NAVIAR-CARE-001_lockup_mono_black_v0.3.svg,,2026-08-27T20:04:22.232807Z,3740,d4b1499516f7b8d9a1edcbbae5ff29caa9c73494727ed1f70dd88bf268cf8eb7,1
NC-ARS-153,NAVIAR-CARE-001_lockup_reverse_white_v0.2.svg,02_PROJE_KAYITLARI/NAVIAR CARE/03_MARKA_VE_TASARIM/NAVIAR-CARE-001_lockup_reverse_white_v0.2.svg,Marka ve tasarım,/NAVIAR CARE/03_MARKA_VE_TASARIM/NAVIAR-CARE-001_lockup_reverse_white_v0.2.svg,,2026-08-27T20:48:05.097185Z,1363,71070ba87f9ca702e7ff0cd9b6a7e54c1dac438ab9105d5ef04ab2129ce41ea9,1
NC-ARS-154,NAVIAR-CARE-001_lockup_reverse_white_v0.3.svg,02_PROJE_KAYITLARI/NAVIAR CARE/03_MARKA_VE_TASARIM/NAVIAR-CARE-001_lockup_reverse_white_v0.3.svg,Marka ve tasarım,/NAVIAR CARE/03_MARKA_VE_TASARIM/NAVIAR-CARE-001_lockup_reverse_white_v0.3.svg,,2026-08-27T20:04:20.686655Z,3737,574c7652677a40588876ebd7827039061e47f33ee017911132f6bb47121158fe,1
NC-ARS-155,NAVIAR-CARE-001_master_candidate_v0.2.svg,02_PROJE_KAYITLARI/NAVIAR CARE/03_MARKA_VE_TASARIM/NAVIAR-CARE-001_master_candidate_v0.2.svg,Marka ve tasarım,/NAVIAR CARE/03_MARKA_VE_TASARIM/NAVIAR-CARE-001_master_candidate_v0.2.svg,,2026-08-27T20:48:09.719406Z,1645,93d1f2b1485a103ad419b5da6f627f90c57e94b0bc872ca7e2e798f94ce45491,2
NC-ARS-156,NAVIAR-CARE-001_master_candidate_v0.3.svg,02_PROJE_KAYITLARI/NAVIAR CARE/03_MARKA_VE_TASARIM/NAVIAR-CARE-001_master_candidate_v0.3.svg,Marka ve tasarım,/NAVIAR CARE/03_MARKA_VE_TASARIM/NAVIAR-CARE-001_master_candidate_v0.3.svg,,2026-08-27T20:04:17.771067Z,3738,8678480dca976943f032e5bc94dc840c82838a521a3c7cfd0b541dea3aac699a,1
NC-ARS-157,NAVIAR-CARE-001_symbol_micro16_v0.2.svg,02_PROJE_KAYITLARI/NAVIAR CARE/03_MARKA_VE_TASARIM/NAVIAR-CARE-001_symbol_micro16_v0.2.svg,Marka ve tasarım,/NAVIAR CARE/03_MARKA_VE_TASARIM/NAVIAR-CARE-001_symbol_micro16_v0.2.svg,,2026-08-27T20:47:40.641668Z,405,851be27b5492cb8b33d2263d79ce40e2e58f5c6a6afed2301d7cef0861666c70,1
NC-ARS-158,NAVIAR-CARE-001_symbol_micro16_v0.3.svg,02_PROJE_KAYITLARI/NAVIAR CARE/03_MARKA_VE_TASARIM/NAVIAR-CARE-001_symbol_micro16_v0.3.svg,Marka ve tasarım,/NAVIAR CARE/03_MARKA_VE_TASARIM/NAVIAR-CARE-001_symbol_micro16_v0.3.svg,,2026-08-27T20:04:19.230690Z,2260,4f7f37068b8a64fdc372802697fcae522273217444ab8dda7ec9d0dcb9d883bc,1
NC-ARS-159,NAVIAR-CARE-001_symbol_micro24_v0.2.svg,02_PROJE_KAYITLARI/NAVIAR CARE/03_MARKA_VE_TASARIM/NAVIAR-CARE-001_symbol_micro24_v0.2.svg,Marka ve tasarım,/NAVIAR CARE/03_MARKA_VE_TASARIM/NAVIAR-CARE-001_symbol_micro24_v0.2.svg,,2026-08-27T20:47:59.064748Z,375,2775a4145faad1c86d9dad481c41da432101e93a10c9748b578688d1fe0e24ac,1
NC-ARS-160,NAVIAR-CARE-001_symbol_micro24_v0.3.svg,02_PROJE_KAYITLARI/NAVIAR CARE/03_MARKA_VE_TASARIM/NAVIAR-CARE-001_symbol_micro24_v0.3.svg,Marka ve tasarım,/NAVIAR CARE/03_MARKA_VE_TASARIM/NAVIAR-CARE-001_symbol_micro24_v0.3.svg,,2026-08-27T20:04:16.345137Z,2260,84a0474ac68eff7c3a6568545a723ce59cef143cf0db5dad89f8b984794bafab,1
NC-ARS-161,NAVIAR-CARE-001_symbol_primary_v0.2.svg,02_PROJE_KAYITLARI/NAVIAR CARE/03_MARKA_VE_TASARIM/NAVIAR-CARE-001_symbol_primary_v0.2.svg,Marka ve tasarım,/NAVIAR CARE/03_MARKA_VE_TASARIM/NAVIAR-CARE-001_symbol_primary_v0.2.svg,,2026-08-27T20:48:03.658923Z,384,2923a5b84800822ece9eea7e1ae0a8ec1c438c495247f7b215e40c85580fd5f8,1
NC-ARS-162,NAVIAR-CARE-001_symbol_primary_v0.3.svg,02_PROJE_KAYITLARI/NAVIAR CARE/03_MARKA_VE_TASARIM/NAVIAR-CARE-001_symbol_primary_v0.3.svg,Marka ve tasarım,/NAVIAR CARE/03_MARKA_VE_TASARIM/NAVIAR-CARE-001_symbol_primary_v0.3.svg,,2026-08-27T20:04:13.132927Z,2352,211cf8be2b296b47def403d45f0192746ca11bb23d0e0dd1b50354e3e4bc34c5,1
NC-ARS-163,NAVIARCARE_FIG_v02.jpg,02_PROJE_KAYITLARI/NAVIAR CARE/03_MARKA_VE_TASARIM/NAVIARCARE_FIG_v02.jpg,Marka ve tasarım,/NAVIAR CARE/03_MARKA_VE_TASARIM/NAVIARCARE_FIG_v02.jpg,,2026-08-27T20:48:06.634499Z,83469,db9ab2a840aeb71970e64b3778bba1567dcfb2064a22ed33d158f6e01e23f44b,1
NC-ARS-164,NAVIARCARE_FIG_v03.jpg,02_PROJE_KAYITLARI/NAVIAR CARE/03_MARKA_VE_TASARIM/NAVIARCARE_FIG_v03.jpg,Marka ve tasarım,/NAVIAR CARE/03_MARKA_VE_TASARIM/NAVIARCARE_FIG_v03.jpg,,2026-08-27T20:04:09.987139Z,113245,09335798c80c2078c5944aa8b6a8bb0aac10b899458d915b5d204e68a65853dc,1
NC-ARS-165,NAVIAR_CARE_Logo_Kit(1).zip,02_PROJE_KAYITLARI/NAVIAR CARE/03_MARKA_VE_TASARIM/NAVIAR_CARE_Logo_Kit(1).zip,Marka ve tasarım,/NAVIAR CARE/03_MARKA_VE_TASARIM/NAVIAR_CARE_Logo_Kit(1).zip,,2026-08-27T21:10:41.641052Z,45084,6be7fe96bf40ffb37def51c05c9df206bee522036c50ac2b93ddbc89c3cbc3de,2
NC-ARS-166,NAVIAR_CARE_Logo_Kit.zip,02_PROJE_KAYITLARI/NAVIAR CARE/03_MARKA_VE_TASARIM/NAVIAR_CARE_Logo_Kit.zip,Marka ve tasarım,/NAVIAR CARE/03_MARKA_VE_TASARIM/NAVIAR_CARE_Logo_Kit.zip,,2026-08-27T21:14:08.991440Z,45084,6be7fe96bf40ffb37def51c05c9df206bee522036c50ac2b93ddbc89c3cbc3de,2
NC-ARS-167,NAVIAR_CARE_lockup_horizontal.svg,02_PROJE_KAYITLARI/NAVIAR CARE/03_MARKA_VE_TASARIM/NAVIAR_CARE_lockup_horizontal.svg,Marka ve tasarım,/NAVIAR CARE/03_MARKA_VE_TASARIM/NAVIAR_CARE_lockup_horizontal.svg,,2026-08-27T21:13:12.107208Z,14399,b0042c604865f2d0f96b9a76421ea6c8a605af2b103e9e1e74ee88db3426b8ef,1
NC-ARS-168,Naviar Care merkevareguide i skandinavisk stil.png,02_PROJE_KAYITLARI/NAVIAR CARE/03_MARKA_VE_TASARIM/Naviar Care merkevareguide i skandinavisk stil.png,Marka ve tasarım,/NAVIAR CARE/03_MARKA_VE_TASARIM/Naviar Care merkevareguide i skandinavisk stil.png,,2026-08-27T20:48:13.298975Z,1505905,8f5de8e93bc4cef66ce8fe3b3404a3490a7f82d71fe9e1603b4cd0341ad2486e,1
NC-ARS-169,Trygg hverdagsstøtte med NAVIAR Care.png,02_PROJE_KAYITLARI/NAVIAR CARE/03_MARKA_VE_TASARIM/Trygg hverdagsstøtte med NAVIAR Care.png,Marka ve tasarım,/NAVIAR CARE/03_MARKA_VE_TASARIM/Trygg hverdagsstøtte med NAVIAR Care.png,,2026-08-27T20:48:43.299085Z,1188590,e4eed750c6b367b538744556ab135b468724b8442795a419f81bdc86a56cda86,1
NC-ARS-170,03_MASTER-CONTENT.md,02_PROJE_KAYITLARI/NAVIAR CARE/03_MASTER-CONTENT.md,Proje belgeleri ve önceki kayıtlar,/NAVIAR CARE/03_MASTER-CONTENT.md,,2026-09-05T12:53:04.217766Z,3049,b29b99f3cbc03b5f75a62e39c612f7dae35c868ef776f8bcb75e9a97f85151db,1
NC-ARS-171,NAVIAR-CARE_P-011_COOKIE1_KAYNAK_v0.3.0.zip,02_PROJE_KAYITLARI/NAVIAR CARE/04_WEB_KAYNAKLARI/DRAFT-NC-COOKIE1_2026-09-05/NAVIAR-CARE_P-011_COOKIE1_KAYNAK_v0.3.0.zip,Ayrı tasarım ve kaynak varyantları,/NAVIAR CARE/04_WEB_KAYNAKLARI/DRAFT-NC-COOKIE1_2026-09-05/NAVIAR-CARE_P-011_COOKIE1_KAYNAK_v0.3.0.zip,,2026-09-05T02:26:48.040262Z,131684,cf891ffdd3d3e7c0f7a0d7cbbd707b58a184422c0c4fdc2c0504cb89a271b6b1,1
NC-ARS-172,NAVIAR-CARE_P-011_COOKIE1_ONIZLEME.html,02_PROJE_KAYITLARI/NAVIAR CARE/04_WEB_KAYNAKLARI/DRAFT-NC-COOKIE1_2026-09-05/NAVIAR-CARE_P-011_COOKIE1_ONIZLEME.html,Ayrı tasarım ve kaynak varyantları,/NAVIAR CARE/04_WEB_KAYNAKLARI/DRAFT-NC-COOKIE1_2026-09-05/NAVIAR-CARE_P-011_COOKIE1_ONIZLEME.html,,2026-09-05T02:26:48.131286Z,80570,de3c28bfd4fc02c1005d6862c3b5ffa0386a811d06bce3f03c692890ad9e47bb,1
NC-ARS-173,NAVIAR-CARE_TESLIM_RAPORU.md,02_PROJE_KAYITLARI/NAVIAR CARE/04_WEB_KAYNAKLARI/DRAFT-NC-COOKIE1_2026-09-05/NAVIAR-CARE_TESLIM_RAPORU.md,Önceki web kaynakları,/NAVIAR CARE/04_WEB_KAYNAKLARI/DRAFT-NC-COOKIE1_2026-09-05/NAVIAR-CARE_TESLIM_RAPORU.md,,2026-09-05T02:26:48.057102Z,4412,fab554fe02626cf9ca3b803955aaccbcffa64e9072345abe54e3572a1d54d23a,1
NC-ARS-174,NAVIAR-Care-MVP.zip,02_PROJE_KAYITLARI/NAVIAR CARE/04_WEB_KAYNAKLARI/NAVIAR-Care-MVP.zip,Önceki web kaynakları,/NAVIAR CARE/04_WEB_KAYNAKLARI/NAVIAR-Care-MVP.zip,1,2026-08-27T20:03:09.668965Z,14132,271153cdd0a1b19d9252271791de6133bd271d73e45b6fe979f8f457c39d72a6,1
NC-ARS-175,NAVIAR-CARE_SRC03_Web-Tasarim.html,02_PROJE_KAYITLARI/NAVIAR CARE/04_WEB_KAYNAKLARI/SRC-03/NAVIAR-CARE_SRC03_Web-Tasarim.html,Ayrı tasarım ve kaynak varyantları,/NAVIAR CARE/04_WEB_KAYNAKLARI/SRC-03/NAVIAR-CARE_SRC03_Web-Tasarim.html,,2026-09-05T19:39:10.779347Z,352501,9ff209374c48729cf3d77a3211e31b19c5f86acdb201ec0cb016e95a2d0983de,1
NC-ARS-176,naerhjelp-vercel-mvp-v2.zip,02_PROJE_KAYITLARI/NAVIAR CARE/04_WEB_KAYNAKLARI/naerhjelp-vercel-mvp-v2.zip,Önceki web kaynakları,/NAVIAR CARE/04_WEB_KAYNAKLARI/naerhjelp-vercel-mvp-v2.zip,,2026-08-27T20:48:20.482054Z,15329,65d2c1fe1edb776b6e2602a8d9b22a33282207027678f01155762f24eb743320,1
NC-ARS-177,naerhjelp-vercel-mvp.zip,02_PROJE_KAYITLARI/NAVIAR CARE/04_WEB_KAYNAKLARI/naerhjelp-vercel-mvp.zip,Önceki web kaynakları,/NAVIAR CARE/04_WEB_KAYNAKLARI/naerhjelp-vercel-mvp.zip,,2026-08-27T20:48:21.900622Z,8053,4749f9b85873df0360a50eecd70cb0f5665f63a24e40d5d622b41e0947297bea,1
NC-ARS-178,05_ARCHIVE-VERIFICATION.md,02_PROJE_KAYITLARI/NAVIAR CARE/05_ARCHIVE-VERIFICATION.md,Proje belgeleri ve önceki kayıtlar,/NAVIAR CARE/05_ARCHIVE-VERIFICATION.md,,2026-09-05T12:53:05.792000Z,2042,b50707ea81afa4a91071015b7f8336fdcf7ea2f662816b8955cdb4a1127663f8,1
NC-ARS-179,NAVIAR-CARE-001-WEB-01_BELGELER_v1.0.zip,02_PROJE_KAYITLARI/NAVIAR CARE/05_ARSIV_2026-09-05/NAVIAR-CARE-001-WEB-01_BELGELER_v1.0.zip,Proje belgeleri ve önceki kayıtlar,/NAVIAR CARE/05_ARSIV_2026-09-05/NAVIAR-CARE-001-WEB-01_BELGELER_v1.0.zip,,2026-09-05T21:27:26.037927Z,550520,58bb7e4a2864a60eaaf869b0b046902c619965b2da9bf7836ce0facb50cd6003,1
NC-ARS-180,NAVIAR-CARE_ARSIV_2026-09-05.zip,02_PROJE_KAYITLARI/NAVIAR CARE/05_ARSIV_2026-09-05/NAVIAR-CARE_ARSIV_2026-09-05.zip,Proje belgeleri ve önceki kayıtlar,/NAVIAR CARE/05_ARSIV_2026-09-05/NAVIAR-CARE_ARSIV_2026-09-05.zip,1,2026-09-05T21:18:16.665107Z,15182041,cfced84a08f96b0a4bec8c6f347c391baf9a3f34579e13d31cc8db65f252fad4,1
NC-ARS-181,NAVIAR-CARE_Arsiv-Kaydi_2026-09-05.md,02_PROJE_KAYITLARI/NAVIAR CARE/05_ARSIV_2026-09-05/NAVIAR-CARE_Arsiv-Kaydi_2026-09-05.md,Proje belgeleri ve önceki kayıtlar,/NAVIAR CARE/05_ARSIV_2026-09-05/NAVIAR-CARE_Arsiv-Kaydi_2026-09-05.md,1,2026-09-05T21:18:16.650121Z,2514,51b963fa4e51927308669ce0cdb536dbfe38b80c52b27529a1807a9bc3af95ec,1
NC-ARS-182,NAVIAR-CARE_Belge-Listesi_2026-09-05.html,02_PROJE_KAYITLARI/NAVIAR CARE/05_ARSIV_2026-09-05/NAVIAR-CARE_Belge-Listesi_2026-09-05.html,Proje belgeleri ve önceki kayıtlar,/NAVIAR CARE/05_ARSIV_2026-09-05/NAVIAR-CARE_Belge-Listesi_2026-09-05.html,,2026-09-05T21:18:16.633895Z,31316,e35e819507255bfd50add677cce37b503ae3495b142976da07c4ea3798725049,1
NC-ARS-183,NAVIAR-CARE_Belge-Listesi_2026-09-05.md,02_PROJE_KAYITLARI/NAVIAR CARE/05_ARSIV_2026-09-05/NAVIAR-CARE_Belge-Listesi_2026-09-05.md,Proje belgeleri ve önceki kayıtlar,/NAVIAR CARE/05_ARSIV_2026-09-05/NAVIAR-CARE_Belge-Listesi_2026-09-05.md,,2026-09-05T21:18:16.689023Z,17627,f164b96ec2ab6579ec5c170f06ea6191bb8886b85e36c50173fc0a9f305bf5e6,1
NC-ARS-184,NAVIAR-CARE_Dosya-Envanteri_2026-09-05.csv,02_PROJE_KAYITLARI/NAVIAR CARE/05_ARSIV_2026-09-05/NAVIAR-CARE_Dosya-Envanteri_2026-09-05.csv,Proje belgeleri ve önceki kayıtlar,/NAVIAR CARE/05_ARSIV_2026-09-05/NAVIAR-CARE_Dosya-Envanteri_2026-09-05.csv,1,2026-09-05T21:18:16.677898Z,39388,4f3740b85e6d8511709eb8d2ee8bf69ce0922922ee3716f87b9124ab585bb4be,1
NC-ARS-185,NAVIAR-CARE_SRC03_Arsiv-Kaydi_2026-09-05.md,02_PROJE_KAYITLARI/NAVIAR CARE/05_ARSIV_2026-09-05/SRC-03/NAVIAR-CARE_SRC03_Arsiv-Kaydi_2026-09-05.md,Ayrı tasarım ve kaynak varyantları,/NAVIAR CARE/05_ARSIV_2026-09-05/SRC-03/NAVIAR-CARE_SRC03_Arsiv-Kaydi_2026-09-05.md,,2026-09-05T21:25:55.182651Z,1535,e0b7428dfecb0b0769073cf7d36e5081ef908e3bf9747763c05c123454e92d6c,1
NC-ARS-186,NAVIAR-CARE_SRC03_Arsiv_2026-09-05.zip,02_PROJE_KAYITLARI/NAVIAR CARE/05_ARSIV_2026-09-05/SRC-03/NAVIAR-CARE_SRC03_Arsiv_2026-09-05.zip,Ayrı tasarım ve kaynak varyantları,/NAVIAR CARE/05_ARSIV_2026-09-05/SRC-03/NAVIAR-CARE_SRC03_Arsiv_2026-09-05.zip,,2026-09-05T21:25:55.148791Z,412267,1edfb6917906cccedfe910a3c54939f64638a6e92e01b3d920565a0bbd7c5c16,1
NC-ARS-187,NAVIAR-CARE_SRC03_Belge-Listesi_2026-09-05.html,02_PROJE_KAYITLARI/NAVIAR CARE/05_ARSIV_2026-09-05/SRC-03/NAVIAR-CARE_SRC03_Belge-Listesi_2026-09-05.html,Ayrı tasarım ve kaynak varyantları,/NAVIAR CARE/05_ARSIV_2026-09-05/SRC-03/NAVIAR-CARE_SRC03_Belge-Listesi_2026-09-05.html,,2026-09-05T21:25:55.174599Z,8648,b34573945eba86342607f7565c601df8bc3b7b23ab18f6d644b229fc1c501fac,1
NC-ARS-188,NAVIAR-CARE_SRC03_Belge-Listesi_2026-09-05.md,02_PROJE_KAYITLARI/NAVIAR CARE/05_ARSIV_2026-09-05/SRC-03/NAVIAR-CARE_SRC03_Belge-Listesi_2026-09-05.md,Ayrı tasarım ve kaynak varyantları,/NAVIAR CARE/05_ARSIV_2026-09-05/SRC-03/NAVIAR-CARE_SRC03_Belge-Listesi_2026-09-05.md,,2026-09-05T21:25:55.167826Z,5264,f5194fc467a63304847e63a39e86b47effcd036da8966f1874bc7c4469a3c900,1
NC-ARS-189,NAVIAR-CARE_SRC03_Dosya-Envanteri_2026-09-05.csv,02_PROJE_KAYITLARI/NAVIAR CARE/05_ARSIV_2026-09-05/SRC-03/NAVIAR-CARE_SRC03_Dosya-Envanteri_2026-09-05.csv,Ayrı tasarım ve kaynak varyantları,/NAVIAR CARE/05_ARSIV_2026-09-05/SRC-03/NAVIAR-CARE_SRC03_Dosya-Envanteri_2026-09-05.csv,,2026-09-05T21:25:55.207714Z,5358,7fb372eaae7272fedaeeef97c0de1e75651b5aaf56f2ab624b8ca91c7af4542a,1
NC-ARS-190,06_DELETION-GATE.md,02_PROJE_KAYITLARI/NAVIAR CARE/06_DELETION-GATE.md,Proje belgeleri ve önceki kayıtlar,/NAVIAR CARE/06_DELETION-GATE.md,,2026-09-05T12:53:07.261198Z,816,bfee967f057c075ffb716e120fbd8d613b53632fd4260b94982c2f7dc4f65eca,1
NC-ARS-191,CONCEPT.md,02_PROJE_KAYITLARI/NAVIAR CARE/CONCEPT.md,Proje belgeleri ve önceki kayıtlar,/NAVIAR CARE/CONCEPT.md,,2026-09-05T10:24:35.476551Z,5002,963dd9cc9140323574402cfb63477551a64ef283e8d045cbf2ec747ee2698bd9,2
NC-ARS-192,NAVIAR-001_QA_v0.3.png,02_PROJE_KAYITLARI/NAVIAR CARE/NAVIAR-001_QA_v0.3.png,Marka ve tasarım,/NAVIAR CARE/NAVIAR-001_QA_v0.3.png,,2026-09-05T00:43:13.582471Z,138960,5a69d21d26990232bb2141aab1bd41828b02d12f6fa7659d4115e514072dfedd,1
NC-ARS-193,NAVIAR-CARE-001-WEB-01_DOC-009_PLATFORM-STUDIO.html,02_PROJE_KAYITLARI/NAVIAR CARE/NAVIAR-CARE-001-WEB-01_DOC-009_PLATFORM-STUDIO.html,Proje belgeleri ve önceki kayıtlar,/NAVIAR CARE/NAVIAR-CARE-001-WEB-01_DOC-009_PLATFORM-STUDIO.html,,2026-09-05T10:13:42.363360Z,15182,1e2f36613a5f94913b7b481a71326d7b636a32e8a2d423a4f287483026e849c3,2
NC-ARS-194,NAVIAR-CARE-001-WEB-01_DOC-009_STUDIO_v2.2.html,02_PROJE_KAYITLARI/NAVIAR CARE/NAVIAR-CARE-001-WEB-01_DOC-009_STUDIO_v2.2.html,Proje belgeleri ve önceki kayıtlar,/NAVIAR CARE/NAVIAR-CARE-001-WEB-01_DOC-009_STUDIO_v2.2.html,1,2026-09-05T10:17:51.368308Z,17592,c6269266b0e1aa77bf7546b32764e4658dddbf1999f2ceeb0acd95a8cb259e7e,2
NC-ARS-195,NAVIAR-CARE-001-WEB-01_DOC-010_FINAL-TESLIM_v2.4.html,02_PROJE_KAYITLARI/NAVIAR CARE/NAVIAR-CARE-001-WEB-01_DOC-010_FINAL-TESLIM_v2.4.html,Proje belgeleri ve önceki kayıtlar,/NAVIAR CARE/NAVIAR-CARE-001-WEB-01_DOC-010_FINAL-TESLIM_v2.4.html,,2026-09-05T15:33:27.155410Z,10286,615f96be0e9ce851c167e38f23158b89dcdfd738dfdc717aa98273cfd7fb77e5,2
NC-ARS-196,NAVIAR-CARE-001_STANDARD_QA_v0.2.png,02_PROJE_KAYITLARI/NAVIAR CARE/NAVIAR-CARE-001_STANDARD_QA_v0.2.png,Marka ve tasarım,/NAVIAR CARE/NAVIAR-CARE-001_STANDARD_QA_v0.2.png,,2026-09-05T00:43:13.820256Z,280117,7b48284d21dc33cb18584d025f0f39597cb275c41564bb0b5e030a35c9560e3b,3
NC-ARS-197,NAVIAR-CARE_PROJE-DUZENI.md,02_PROJE_KAYITLARI/NAVIAR CARE/NAVIAR-CARE_PROJE-DUZENI.md,Proje belgeleri ve önceki kayıtlar,/NAVIAR CARE/NAVIAR-CARE_PROJE-DUZENI.md,5,2026-09-05T21:28:54.203369Z,19112,8d424b44417be10c8d0b96b6f53bc61988828f551333c334b7e6ecc2c40bfeea,1
NC-ARS-198,NAVIAR-MASTER-ARCHIVE-2026-09-05.zip,02_PROJE_KAYITLARI/NAVIAR CARE/NAVIAR-MASTER-ARCHIVE-2026-09-05.zip,Proje belgeleri ve önceki kayıtlar,/NAVIAR CARE/NAVIAR-MASTER-ARCHIVE-2026-09-05.zip,,2026-09-05T12:52:56.585285Z,880776,8da8c26d5d4a04e903a4ab05766ba00a1526a076fcf189ac66e40d878ecc02e6,1
NC-ARS-199,00_PROJECT_DASHBOARD.md,02_PROJE_KAYITLARI/NAVIAR CARE/P-011_NAVIAR_CARE/00_PROJECT_DASHBOARD.md,Ayrı tasarım ve kaynak varyantları,/NAVIAR CARE/P-011_NAVIAR_CARE/00_PROJECT_DASHBOARD.md,,2026-09-04T19:44:48.658506Z,1500,0511e9f667f064ae983484e3bf890b844c062a1535de33435dcabf3a9cc69d09,1
NC-ARS-200,01_PROJECT_STORY_AND_TIMELINE.md,02_PROJE_KAYITLARI/NAVIAR CARE/P-011_NAVIAR_CARE/01_PROJECT_STORY_AND_TIMELINE.md,Ayrı tasarım ve kaynak varyantları,/NAVIAR CARE/P-011_NAVIAR_CARE/01_PROJECT_STORY_AND_TIMELINE.md,,2026-09-04T19:44:48.622079Z,1803,816141a6d2426872208d08bfb5574173de0ce90d85a1f8c5c0f0cbf3aa6a0bcf,1
NC-ARS-201,02_CONCEPT_AND_DECISIONS.md,02_PROJE_KAYITLARI/NAVIAR CARE/P-011_NAVIAR_CARE/02_CONCEPT_AND_DECISIONS.md,Ayrı tasarım ve kaynak varyantları,/NAVIAR CARE/P-011_NAVIAR_CARE/02_CONCEPT_AND_DECISIONS.md,1,2026-09-05T02:13:01.202735Z,1661,d5c9bad02a20668e6979b7f897eba9ef0d47d971171888fac8d7e82f5160fc70,1
NC-ARS-202,03_PHASE_STATUS_NEXT_PLAN.md,02_PROJE_KAYITLARI/NAVIAR CARE/P-011_NAVIAR_CARE/03_PHASE_STATUS_NEXT_PLAN.md,Ayrı tasarım ve kaynak varyantları,/NAVIAR CARE/P-011_NAVIAR_CARE/03_PHASE_STATUS_NEXT_PLAN.md,,2026-09-04T19:44:48.627974Z,1265,31d8bef4ea3b8ba0797d7a0a857cececc157c07c1da4597408b047451d08f757,1
NC-ARS-203,04_SOURCE_AND_CODE_REGISTER.md,02_PROJE_KAYITLARI/NAVIAR CARE/P-011_NAVIAR_CARE/04_SOURCE_AND_CODE_REGISTER.md,Ayrı tasarım ve kaynak varyantları,/NAVIAR CARE/P-011_NAVIAR_CARE/04_SOURCE_AND_CODE_REGISTER.md,,2026-09-04T19:44:48.619484Z,1298,d678ad540cb260b1bace2e81f28fb47773fe0b4a6463004684c11b5595516428,1
NC-ARS-204,05_WEB_CODE_DOCUMENT.html,02_PROJE_KAYITLARI/NAVIAR CARE/P-011_NAVIAR_CARE/05_WEB_CODE_DOCUMENT.html,Ayrı tasarım ve kaynak varyantları,/NAVIAR CARE/P-011_NAVIAR_CARE/05_WEB_CODE_DOCUMENT.html,,2026-09-04T19:44:48.646173Z,3003,db03cd826c5c696d470464fda3369c7143ea8ecda7bf7d4ef893c50d880ea5f5,1
NC-ARS-205,06_CHANGE_LOG.md,02_PROJE_KAYITLARI/NAVIAR CARE/P-011_NAVIAR_CARE/06_CHANGE_LOG.md,Ayrı tasarım ve kaynak varyantları,/NAVIAR CARE/P-011_NAVIAR_CARE/06_CHANGE_LOG.md,2,2026-09-05T02:13:01.288648Z,1708,3f6d27d441f4f460ee93760cf0e7a893c0797522222e2d6ee950582d2046223d,1
NC-ARS-206,07_DELIVERY_CHECKLIST.md,02_PROJE_KAYITLARI/NAVIAR CARE/P-011_NAVIAR_CARE/07_DELIVERY_CHECKLIST.md,Ayrı tasarım ve kaynak varyantları,/NAVIAR CARE/P-011_NAVIAR_CARE/07_DELIVERY_CHECKLIST.md,,2026-09-04T19:44:48.645855Z,1082,d528c1bea3d28bc03dc3d00ca1c71848b859ca824f270d65879f786c9e369e63,1
NC-ARS-207,08_WEB_PAGE.html,02_PROJE_KAYITLARI/NAVIAR CARE/P-011_NAVIAR_CARE/08_WEB_PAGE.html,Ayrı tasarım ve kaynak varyantları,/NAVIAR CARE/P-011_NAVIAR_CARE/08_WEB_PAGE.html,2,2026-09-05T02:13:01.689357Z,15280,256069cdd0da392a8c1acc28671888c4105343503ca4d506ef097d847638dfdd,1
NC-ARS-208,09_CONCEPT_AND_CONTENT.md,02_PROJE_KAYITLARI/NAVIAR CARE/P-011_NAVIAR_CARE/09_CONCEPT_AND_CONTENT.md,Ayrı tasarım ve kaynak varyantları,/NAVIAR CARE/P-011_NAVIAR_CARE/09_CONCEPT_AND_CONTENT.md,1,2026-09-05T02:13:01.252113Z,5982,53bbd6216026221143019c2649003033565339d5a3151025ff4ef135f30777c5,1
NC-ARS-209,10_SOURCE_PACKAGE.zip,02_PROJE_KAYITLARI/NAVIAR CARE/P-011_NAVIAR_CARE/10_SOURCE_PACKAGE.zip,Ayrı tasarım ve kaynak varyantları,/NAVIAR CARE/P-011_NAVIAR_CARE/10_SOURCE_PACKAGE.zip,1,2026-09-05T02:13:01.204978Z,22639,472225c025d3182090f3797cb3e2027cdc4d241eba5e4a7d446aa7767903e14b,1
NC-ARS-210,P-011_COOKIE1_ARSIV_2026-09-05_v1.0.zip,02_PROJE_KAYITLARI/NAVIAR CARE/P-011_NAVIAR_CARE/DRAFT-NC-COOKIE1/ARSIV-2026-09-05/P-011_COOKIE1_ARSIV_2026-09-05_v1.0.zip,Ayrı tasarım ve kaynak varyantları,/NAVIAR CARE/P-011_NAVIAR_CARE/DRAFT-NC-COOKIE1/ARSIV-2026-09-05/P-011_COOKIE1_ARSIV_2026-09-05_v1.0.zip,,2026-09-05T21:33:11.149019Z,535366,b7bd6512893ff6d55ef5ee2de2f4e05bf67faf73a9066d4561d12851f2e15f3a,1
NC-ARS-211,P-011_COOKIE1_ARSIV_SHA256.txt,02_PROJE_KAYITLARI/NAVIAR CARE/P-011_NAVIAR_CARE/DRAFT-NC-COOKIE1/ARSIV-2026-09-05/P-011_COOKIE1_ARSIV_SHA256.txt,Ayrı tasarım ve kaynak varyantları,/NAVIAR CARE/P-011_NAVIAR_CARE/DRAFT-NC-COOKIE1/ARSIV-2026-09-05/P-011_COOKIE1_ARSIV_SHA256.txt,,2026-09-05T21:33:11.186157Z,106,34f233df438c3499d29ff3a4ac6e18f59da194290acb1da6fca7079f9407df3a,1
NC-ARS-212,P-011_COOKIE1_Dosya_Envanteri.csv,02_PROJE_KAYITLARI/NAVIAR CARE/P-011_NAVIAR_CARE/DRAFT-NC-COOKIE1/ARSIV-2026-09-05/P-011_COOKIE1_Dosya_Envanteri.csv,Ayrı tasarım ve kaynak varyantları,/NAVIAR CARE/P-011_NAVIAR_CARE/DRAFT-NC-COOKIE1/ARSIV-2026-09-05/P-011_COOKIE1_Dosya_Envanteri.csv,,2026-09-05T21:33:11.189995Z,11394,ea08fcfce1b3c03232af41bdf10fe29aa6d40f7766eb9cfd66f57da18c0ad749,1
NC-ARS-213,P-011_COOKIE1_Dosya_Listesi.html,02_PROJE_KAYITLARI/NAVIAR CARE/P-011_NAVIAR_CARE/DRAFT-NC-COOKIE1/ARSIV-2026-09-05/P-011_COOKIE1_Dosya_Listesi.html,Ayrı tasarım ve kaynak varyantları,/NAVIAR CARE/P-011_NAVIAR_CARE/DRAFT-NC-COOKIE1/ARSIV-2026-09-05/P-011_COOKIE1_Dosya_Listesi.html,,2026-09-05T21:33:11.211583Z,14877,8d6f90f50b5e34241a719cb8e464322a18c752c8427c0b78f6791283c8ac2b44,1
NC-ARS-214,P-011_COOKIE1_Proje_Belgesi_v1.0.docx,02_PROJE_KAYITLARI/NAVIAR CARE/P-011_NAVIAR_CARE/DRAFT-NC-COOKIE1/ARSIV-2026-09-05/P-011_COOKIE1_Proje_Belgesi_v1.0.docx,Ayrı tasarım ve kaynak varyantları,/NAVIAR CARE/P-011_NAVIAR_CARE/DRAFT-NC-COOKIE1/ARSIV-2026-09-05/P-011_COOKIE1_Proje_Belgesi_v1.0.docx,,2026-09-05T21:33:11.194823Z,47459,534c67cd86b5dd2004a16be133d5aff24eb4579a4f65d8c62691ad3191810d1c,1
NC-ARS-215,P-011_DURUM_VE_KAYNAKLAR_2026-09-05.md,02_PROJE_KAYITLARI/NAVIAR CARE/P-011_NAVIAR_CARE/P-011_DURUM_VE_KAYNAKLAR_2026-09-05.md,Ayrı tasarım ve kaynak varyantları,/NAVIAR CARE/P-011_NAVIAR_CARE/P-011_DURUM_VE_KAYNAKLAR_2026-09-05.md,,2026-09-05T15:34:20.626793Z,2812,bee9c6a101f49d895d81e505c9c3f07635d39b0aa85871166123b41d4649e0c1,1
NC-ARS-216,PLATFORM-DECISION.md,02_PROJE_KAYITLARI/NAVIAR CARE/PLATFORM-DECISION.md,Proje belgeleri ve önceki kayıtlar,/NAVIAR CARE/PLATFORM-DECISION.md,,2026-09-05T10:24:37.608961Z,4934,891710fd3b0b7ad7977f1df4267856e6f4faa59def6fd1d185314505067468a7,2
NC-ARS-217,QA-REPORT.md,02_PROJE_KAYITLARI/NAVIAR CARE/QA-REPORT.md,Proje belgeleri ve önceki kayıtlar,/NAVIAR CARE/QA-REPORT.md,,2026-09-05T10:24:39.166903Z,2263,56cd3924d717568ae58097fedbc8f0f7fa6bd754a41ada8729870e620579e41f,2
NC-ARS-218,README(1).md,02_PROJE_KAYITLARI/NAVIAR CARE/README(1).md,Proje belgeleri ve önceki kayıtlar,/NAVIAR CARE/README(1).md,,2026-09-05T12:52:58.958915Z,1711,24233c2b3dc295cda4dd67b5cb7fb856c1577b2775aba067508b47eb891002f6,1
NC-ARS-219,README.md,02_PROJE_KAYITLARI/NAVIAR CARE/README.md,Proje belgeleri ve önceki kayıtlar,/NAVIAR CARE/README.md,,2026-09-05T10:24:33.637811Z,1962,5b75f51a9b263df1f4d5834908ee841badbbc20efc7c39277e2097ac02ac952c,2
NC-ARS-220,WEB-2026-002-NAVIAR-CARE-STUDIO.zip,02_PROJE_KAYITLARI/NAVIAR CARE/WEB-2026-002-NAVIAR-CARE-STUDIO.zip,Ayrı tasarım ve kaynak varyantları,/NAVIAR CARE/WEB-2026-002-NAVIAR-CARE-STUDIO.zip,,2026-09-05T10:24:32.011085Z,41760,1d9a603123c05a894ae923d949e39e2a66bf466c4711545302eb3527c56a2d4d,1
NC-ARS-221,README.md,02_PROJE_KAYITLARI/NAVIAR CARE/WEB-2026-002-NAVIAR-CARE-STUDIO/README.md,Ayrı tasarım ve kaynak varyantları,/NAVIAR CARE/WEB-2026-002-NAVIAR-CARE-STUDIO/README.md,,2026-09-05T15:41:01.565979Z,1962,5b75f51a9b263df1f4d5834908ee841badbbc20efc7c39277e2097ac02ac952c,2
NC-ARS-222,app.js,02_PROJE_KAYITLARI/NAVIAR CARE/WEB-2026-002-NAVIAR-CARE-STUDIO/app.js,Ayrı tasarım ve kaynak varyantları,/NAVIAR CARE/WEB-2026-002-NAVIAR-CARE-STUDIO/app.js,,2026-09-05T15:41:01.490344Z,31429,4237ccecb7336175490d5e91dc9a062b36bb3c3829b67bd6c6aeaea18648bb9c,1
NC-ARS-223,NAVIAR-CARE-001_master_candidate_v0.2.svg,02_PROJE_KAYITLARI/NAVIAR CARE/WEB-2026-002-NAVIAR-CARE-STUDIO/brand/NAVIAR-CARE-001_master_candidate_v0.2.svg,Ayrı tasarım ve kaynak varyantları,/NAVIAR CARE/WEB-2026-002-NAVIAR-CARE-STUDIO/brand/NAVIAR-CARE-001_master_candidate_v0.2.svg,,2026-09-05T15:41:01.514510Z,1645,93d1f2b1485a103ad419b5da6f627f90c57e94b0bc872ca7e2e798f94ce45491,2
NC-ARS-224,site-content.json,02_PROJE_KAYITLARI/NAVIAR CARE/WEB-2026-002-NAVIAR-CARE-STUDIO/content/site-content.json,Ayrı tasarım ve kaynak varyantları,/NAVIAR CARE/WEB-2026-002-NAVIAR-CARE-STUDIO/content/site-content.json,,2026-09-05T15:41:01.518481Z,3411,963989bbd01ecdf255df735ee790ff16f747ba8979b3e176ac43e118abb6c8cb,1
NC-ARS-225,CMS-CONTENT-MODEL.md,02_PROJE_KAYITLARI/NAVIAR CARE/WEB-2026-002-NAVIAR-CARE-STUDIO/docs/CMS-CONTENT-MODEL.md,Ayrı tasarım ve kaynak varyantları,/NAVIAR CARE/WEB-2026-002-NAVIAR-CARE-STUDIO/docs/CMS-CONTENT-MODEL.md,,2026-09-05T15:41:01.588896Z,956,9de9b0a9979f1641b918df924855a4af33ca7a01c63b3f5688696dc11b655295,1
NC-ARS-226,CONCEPT.md,02_PROJE_KAYITLARI/NAVIAR CARE/WEB-2026-002-NAVIAR-CARE-STUDIO/docs/CONCEPT.md,Ayrı tasarım ve kaynak varyantları,/NAVIAR CARE/WEB-2026-002-NAVIAR-CARE-STUDIO/docs/CONCEPT.md,,2026-09-05T15:41:01.495865Z,5002,963dd9cc9140323574402cfb63477551a64ef283e8d045cbf2ec747ee2698bd9,2
NC-ARS-227,CONTENT-GUIDE.md,02_PROJE_KAYITLARI/NAVIAR CARE/WEB-2026-002-NAVIAR-CARE-STUDIO/docs/CONTENT-GUIDE.md,Ayrı tasarım ve kaynak varyantları,/NAVIAR CARE/WEB-2026-002-NAVIAR-CARE-STUDIO/docs/CONTENT-GUIDE.md,,2026-09-05T15:41:01.596091Z,1347,2e3bc3c6d13f51547f2586903ac52fe36fe852bab28e38d02efde296f0c367ad,1
NC-ARS-228,DECISION-LOG.md,02_PROJE_KAYITLARI/NAVIAR CARE/WEB-2026-002-NAVIAR-CARE-STUDIO/docs/DECISION-LOG.md,Ayrı tasarım ve kaynak varyantları,/NAVIAR CARE/WEB-2026-002-NAVIAR-CARE-STUDIO/docs/DECISION-LOG.md,,2026-09-05T15:41:01.518257Z,2075,36991fc8080a73ecd1049f324d76cccf5503bc024ef661529fc043994a23e8d4,1
NC-ARS-229,PLATFORM-DECISION.md,02_PROJE_KAYITLARI/NAVIAR CARE/WEB-2026-002-NAVIAR-CARE-STUDIO/docs/PLATFORM-DECISION.md,Ayrı tasarım ve kaynak varyantları,/NAVIAR CARE/WEB-2026-002-NAVIAR-CARE-STUDIO/docs/PLATFORM-DECISION.md,,2026-09-05T15:41:01.572354Z,4934,891710fd3b0b7ad7977f1df4267856e6f4faa59def6fd1d185314505067468a7,2
NC-ARS-230,PROJECT-CARD.md,02_PROJE_KAYITLARI/NAVIAR CARE/WEB-2026-002-NAVIAR-CARE-STUDIO/docs/PROJECT-CARD.md,Ayrı tasarım ve kaynak varyantları,/NAVIAR CARE/WEB-2026-002-NAVIAR-CARE-STUDIO/docs/PROJECT-CARD.md,,2026-09-05T15:41:01.602292Z,1121,2db5ef838a81e58a6502b71107f04e28b26e15b67dea8c2b9f2c742a187690e3,1
NC-ARS-231,QA-REPORT.md,02_PROJE_KAYITLARI/NAVIAR CARE/WEB-2026-002-NAVIAR-CARE-STUDIO/docs/QA-REPORT.md,Ayrı tasarım ve kaynak varyantları,/NAVIAR CARE/WEB-2026-002-NAVIAR-CARE-STUDIO/docs/QA-REPORT.md,,2026-09-05T15:41:01.596323Z,2263,56cd3924d717568ae58097fedbc8f0f7fa6bd754a41ada8729870e620579e41f,2
NC-ARS-232,ROADMAP.md,02_PROJE_KAYITLARI/NAVIAR CARE/WEB-2026-002-NAVIAR-CARE-STUDIO/docs/ROADMAP.md,Ayrı tasarım ve kaynak varyantları,/NAVIAR CARE/WEB-2026-002-NAVIAR-CARE-STUDIO/docs/ROADMAP.md,,2026-09-05T15:41:01.556924Z,1408,d75d0d7f998ef2abd6f69afdda20289e4b8db53080c7c0e0d0e8628a17ee305a,1
NC-ARS-233,SERVICE-BLUEPRINT.md,02_PROJE_KAYITLARI/NAVIAR CARE/WEB-2026-002-NAVIAR-CARE-STUDIO/docs/SERVICE-BLUEPRINT.md,Ayrı tasarım ve kaynak varyantları,/NAVIAR CARE/WEB-2026-002-NAVIAR-CARE-STUDIO/docs/SERVICE-BLUEPRINT.md,,2026-09-05T15:41:01.583353Z,1700,25c3ede11d15ed71eeff69c8a6c4bff91a5e47dc9e3d6b37aadefa9d869e652f,1
NC-ARS-234,index.html,02_PROJE_KAYITLARI/NAVIAR CARE/WEB-2026-002-NAVIAR-CARE-STUDIO/index.html,Ayrı tasarım ve kaynak varyantları,/NAVIAR CARE/WEB-2026-002-NAVIAR-CARE-STUDIO/index.html,,2026-09-05T15:41:01.576830Z,19207,48751cdb3710a13b2ff2cf21f790d80124485e52a0048e7f73a447d5b0f8d82f,1
NC-ARS-235,personvern.html,02_PROJE_KAYITLARI/NAVIAR CARE/WEB-2026-002-NAVIAR-CARE-STUDIO/personvern.html,Ayrı tasarım ve kaynak varyantları,/NAVIAR CARE/WEB-2026-002-NAVIAR-CARE-STUDIO/personvern.html,,2026-09-05T15:41:01.534773Z,5873,16ad2557db81b82137f03c362f5018849c1e134d9569c74b55cb401df0918b9b,1
NC-ARS-236,robots.txt,02_PROJE_KAYITLARI/NAVIAR CARE/WEB-2026-002-NAVIAR-CARE-STUDIO/robots.txt,Ayrı tasarım ve kaynak varyantları,/NAVIAR CARE/WEB-2026-002-NAVIAR-CARE-STUDIO/robots.txt,,2026-09-05T15:41:01.588669Z,26,331ea9090db0c9f6f597bd9840fd5b171830f6e0b3ba1cb24dfa91f0c95aedc1,1
NC-ARS-237,check.mjs,02_PROJE_KAYITLARI/NAVIAR CARE/WEB-2026-002-NAVIAR-CARE-STUDIO/scripts/check.mjs,Ayrı tasarım ve kaynak varyantları,/NAVIAR CARE/WEB-2026-002-NAVIAR-CARE-STUDIO/scripts/check.mjs,,2026-09-05T15:41:01.602042Z,3779,21c3e0ee5a62cb5f6a5e7c1422c6700be991f048d1c7fda5b0968247395b4a22,1
NC-ARS-238,styles.css,02_PROJE_KAYITLARI/NAVIAR CARE/WEB-2026-002-NAVIAR-CARE-STUDIO/styles.css,Ayrı tasarım ve kaynak varyantları,/NAVIAR CARE/WEB-2026-002-NAVIAR-CARE-STUDIO/styles.css,,2026-09-05T15:41:01.507367Z,26714,82b9fc8a601cb4c66ab7e16dab9114417e2abf88cdc7581414ed0f2fd218cd8c,1
NC-ARS-239,vercel.json,02_PROJE_KAYITLARI/NAVIAR CARE/WEB-2026-002-NAVIAR-CARE-STUDIO/vercel.json,Ayrı tasarım ve kaynak varyantları,/NAVIAR CARE/WEB-2026-002-NAVIAR-CARE-STUDIO/vercel.json,,2026-09-05T15:41:01.509165Z,537,5dc87b6b509bdbae0ba7223181d39f4fbd0323a31faffe56d4983c6a5c189f3e,1
NC-ARS-240,concepts_6_naviar.png,02_PROJE_KAYITLARI/NAVIAR CARE/concepts_6_naviar.png,Marka ve tasarım,/NAVIAR CARE/concepts_6_naviar.png,,2026-09-05T00:43:13.894762Z,956405,b0477cd6f38d4e3f9c96454c31c594840402d4d82fb370f11c5f3dcfc436371a,1
NC-ARS-241,NAVIAR-CARE-001_STANDARD_QA_v0.2.png,02_PROJE_KAYITLARI/NAVIAR-CARE-001_STANDARD_QA_v0.2.png,Marka ve tasarım,/NAVIAR-CARE-001_STANDARD_QA_v0.2.png,,2026-09-05T00:43:47.802167Z,280117,7b48284d21dc33cb18584d025f0f39597cb275c41564bb0b5e030a35c9560e3b,3
NC-ARS-242,NAVIAR-CARE_P-011_STUDIO_DEMO.html,02_PROJE_KAYITLARI/NAVIAR-CARE_P-011_STUDIO_DEMO.html,Ayrı tasarım ve kaynak varyantları,/NAVIAR-CARE_P-011_STUDIO_DEMO.html,,2026-09-05T10:14:12.947799Z,75399,26f0526041fc146d10d22943794b91957b815fa1bd427f8446171480b62f1a8e,1
NC-ARS-243,NAVIAR-CARE_P-011_STUDIO_KAYNAK_v0.4.0.zip,02_PROJE_KAYITLARI/NAVIAR-CARE_P-011_STUDIO_KAYNAK_v0.4.0.zip,Ayrı tasarım ve kaynak varyantları,/NAVIAR-CARE_P-011_STUDIO_KAYNAK_v0.4.0.zip,,2026-09-05T10:14:12.368510Z,150413,761b8b32fffc7a9e1fd335a298d321666c508766461e23848125d1189e79f5e4,1
NC-ARS-244,NAVIAR-CARE_P-011_STUDIO_RAPORU.md,02_PROJE_KAYITLARI/NAVIAR-CARE_P-011_STUDIO_RAPORU.md,Ayrı tasarım ve kaynak varyantları,/NAVIAR-CARE_P-011_STUDIO_RAPORU.md,,2026-09-05T10:14:12.348255Z,15222,2267777fb635af7411079d05209b9fa896dc27bbb25d00aa9f8c4f2c909f57b0,1
NC-ARS-245,STD-PROJE-001_TUM-PROJELER-STANDARDI.md,02_PROJE_KAYITLARI/STD-PROJE-001_TUM-PROJELER-STANDARDI.md,Ortak proje standardı,/STD-PROJE-001_TUM-PROJELER-STANDARDI.md,3,2026-09-05T09:43:47.019330Z,46846,19be18561dd3102f177c8a8ea996604a44b8e3187d79764eb19126deeb6723be,1
