no,dosya,grup,bayt,sha256,kaynak,durum
1,00_BURADAN_BASLA.md,00_REHBER,913,ebcf8a06332f476e95ebc854ca9c88b3251559f47b649fc729d9ec337ebca81b,Bu arşiv turunda üretildi,Yeni belge / envanter
2,01_BELGELER/P-011_COOKIE1_Karar_ve_Degisim_Kaydi.csv,01_BELGELER,1282,82b98db00bcad4317615bcbe2d291b0623c8dd36d2a9fadf80d814e86c59fbcb,Bu arşiv turunda üretildi,Yeni belge / envanter
3,01_BELGELER/P-011_COOKIE1_Proje_Belgesi_v1.0.docx,01_BELGELER,47459,534c67cd86b5dd2004a16be133d5aff24eb4579a4f65d8c62691ad3191810d1c,Bu arşiv turunda üretildi,Yeni belge / envanter
4,01_BELGELER/P-011_COOKIE1_Proje_Belgesi_v1.0.html,01_BELGELER,23507,aa91a344ed9abbd6e20fdb249627c5c593460107c5ccbce64974ff14394636f9,Bu arşiv turunda üretildi,Yeni belge / envanter
5,01_BELGELER/P-011_COOKIE1_Proje_Belgesi_v1.0.md,01_BELGELER,19004,a846a3af0b221734b92f332686d5d717210a05231b908dc732e0f16bd9e63975,Bu arşiv turunda üretildi,Yeni belge / envanter
6,02_WEB/NAVIAR-CARE_P-011_STUDIO_DEMO.html,02_WEB,75399,26f0526041fc146d10d22943794b91957b815fa1bd427f8446171480b62f1a8e,/NAVIAR-CARE_P-011_STUDIO_DEMO.html,Özgün içerik korundu
7,03_KAYNAK_v0.4.0/.env.example,03_KAYNAK_v0.4.0,411,eb8da2fbb4df09aaaad6bd1d8f4739b25e9dec229708d80fe251d79cc0112661,naviar-care-studio/.env.example,Özgün içerik korundu
8,03_KAYNAK_v0.4.0/.gitignore,03_KAYNAK_v0.4.0,31,70bd0d85bedeb863b686352082cf3c644f9607e8e080883ba44c4cc9975cfb3d,naviar-care-studio/.gitignore,Özgün içerik korundu
9,03_KAYNAK_v0.4.0/README.md,03_KAYNAK_v0.4.0,7214,26116048e9111f61fc1777c75543bd31c2d4782758b729eab9ec8ba16219db63,naviar-care-studio/README.md,Özgün içerik korundu
10,03_KAYNAK_v0.4.0/api/index.mjs,03_KAYNAK_v0.4.0,197,fbc280dcc257151d8d0b66419b1ea0f84b323031b135e02c317d0d5db23f70c0,naviar-care-studio/api/index.mjs,Özgün içerik korundu
11,03_KAYNAK_v0.4.0/build.mjs,03_KAYNAK_v0.4.0,815,72c1549307d298ff7b89c3269009639b675f70cee04de52c9056286ec4137879,naviar-care-studio/build.mjs,Özgün içerik korundu
12,03_KAYNAK_v0.4.0/deliverables/NAVIAR-CARE_P-011_STUDIO_DEMO.html,03_KAYNAK_v0.4.0,75399,26f0526041fc146d10d22943794b91957b815fa1bd427f8446171480b62f1a8e,naviar-care-studio/deliverables/NAVIAR-CARE_P-011_STUDIO_DEMO.html,Özgün içerik korundu
13,03_KAYNAK_v0.4.0/deliverables/NAVIAR-CARE_P-011_STUDIO_RAPORU.md,03_KAYNAK_v0.4.0,15222,2267777fb635af7411079d05209b9fa896dc27bbb25d00aa9f8c4f2c909f57b0,naviar-care-studio/deliverables/NAVIAR-CARE_P-011_STUDIO_RAPORU.md,Özgün içerik korundu
14,03_KAYNAK_v0.4.0/docs/01_KONSEPT_VE_HIZMET.md,03_KAYNAK_v0.4.0,5722,df04cb5c780fd0a3dcf47590735ecd7a7a1a944acca8c9692988e296fef947d4,naviar-care-studio/docs/01_KONSEPT_VE_HIZMET.md,Özgün içerik korundu
15,03_KAYNAK_v0.4.0/docs/02_OLCUM_VE_TAHMIN.md,03_KAYNAK_v0.4.0,5080,68d2f6c055bc28c55f2b4043373c6fb01f69d352ad4d02b5dcfa7a139d5904e4,naviar-care-studio/docs/02_OLCUM_VE_TAHMIN.md,Özgün içerik korundu
16,03_KAYNAK_v0.4.0/docs/03_DOGRULAMA_VE_CANLIYA_GECIS.md,03_KAYNAK_v0.4.0,6661,12a06c029996e4eb15841e2a94c50c8b352b71cad1d7d6ea676c6dda18759f48,naviar-care-studio/docs/03_DOGRULAMA_VE_CANLIYA_GECIS.md,Özgün içerik korundu
17,03_KAYNAK_v0.4.0/docs/04_KAYNAK_KIMLIGI.md,03_KAYNAK_v0.4.0,1690,e2b83248a462c838764e97c3e4945d9931013384d5ac7aad7401da7b9dcb522f,naviar-care-studio/docs/04_KAYNAK_KIMLIGI.md,Özgün içerik korundu
18,03_KAYNAK_v0.4.0/docs/05_KARAR_GUNLUGU.csv,03_KAYNAK_v0.4.0,2825,3218cd83c86f7239f102af34bee781d03122334dba9d73d0f7d5059542c2a22f,naviar-care-studio/docs/05_KARAR_GUNLUGU.csv,Özgün içerik korundu
19,03_KAYNAK_v0.4.0/docs/06_TEST_SONUCLARI.txt,03_KAYNAK_v0.4.0,1153,d4fc7830023f88c6f53f3f38c00c45ab543b97bd397994067fa4c4524ce58673,naviar-care-studio/docs/06_TEST_SONUCLARI.txt,Özgün içerik korundu
20,03_KAYNAK_v0.4.0/docs/07_STUDIO_TEST_SONUCLARI.txt,03_KAYNAK_v0.4.0,1549,2daf26159da53408f777107bbbe7cbe4cd2e28b43025770522ab0a337c670fd6,naviar-care-studio/docs/07_STUDIO_TEST_SONUCLARI.txt,Özgün içerik korundu
21,03_KAYNAK_v0.4.0/package.json,03_KAYNAK_v0.4.0,316,e08144f9914440d7a1db2ed7da857a1b67c3e13295375d7050532008bd4f493a,naviar-care-studio/package.json,Özgün içerik korundu
22,03_KAYNAK_v0.4.0/portable.mjs,03_KAYNAK_v0.4.0,2461,cddd3186d3ed1961399d359e2b3de3c34b26f613a7c82b6b67262585654a1675,naviar-care-studio/portable.mjs,Özgün içerik korundu
23,03_KAYNAK_v0.4.0/preview-server.mjs,03_KAYNAK_v0.4.0,864,7e235ad11abc7a2bfb620e898824d2aa6ab15baa6788fddb381cd34af886e500,naviar-care-studio/preview-server.mjs,Özgün içerik korundu
24,03_KAYNAK_v0.4.0/public/app.js,03_KAYNAK_v0.4.0,10843,196d74d2b1ee920eaa94a6cca2e250f8d8c52f1f1fb790c17370e0cbe43c347d,naviar-care-studio/public/app.js,Özgün içerik korundu
25,03_KAYNAK_v0.4.0/public/assets/naviar-care.svg,03_KAYNAK_v0.4.0,3738,8678480dca976943f032e5bc94dc840c82838a521a3c7cfd0b541dea3aac699a,naviar-care-studio/public/assets/naviar-care.svg,Özgün içerik korundu
26,03_KAYNAK_v0.4.0/public/content.js,03_KAYNAK_v0.4.0,26274,1cb167051d31a213d2445fe50a5b10c27823416db6965e898f7f8c9b82993c4a,naviar-care-studio/public/content.js,Özgün içerik korundu
27,03_KAYNAK_v0.4.0/public/demo.js,03_KAYNAK_v0.4.0,5778,cc5f2ae40e63dcd73c024bc7ec577347e47ffeb629b1e9fa8cc28147089a58c7,naviar-care-studio/public/demo.js,Özgün içerik korundu
28,03_KAYNAK_v0.4.0/public/index.html,03_KAYNAK_v0.4.0,652,e79f45702e5b36b8609c614a04d87409d930f0b7951f7b33f68bfdebfe7fb8ca,naviar-care-studio/public/index.html,Özgün içerik korundu
29,03_KAYNAK_v0.4.0/public/journey.js,03_KAYNAK_v0.4.0,1070,642ac80402ef5298625150b74057a569744a6fe897faa1fa07f4f3d708065f98,naviar-care-studio/public/journey.js,Özgün içerik korundu
30,03_KAYNAK_v0.4.0/public/operations.html,03_KAYNAK_v0.4.0,4168,319072528fc912ff272f3751f6e6ab6e05fdeb112bdc5662666c63b986b39531,naviar-care-studio/public/operations.html,Özgün içerik korundu
31,03_KAYNAK_v0.4.0/public/operations.js,03_KAYNAK_v0.4.0,4062,40854a080c5d33a792298b06293ee0e11ec55d59c237969c5368d2671405ba74,naviar-care-studio/public/operations.js,Özgün içerik korundu
32,03_KAYNAK_v0.4.0/public/qa.html,03_KAYNAK_v0.4.0,740,0bc071f8c99290ffad0f7e91abfe6004355a64485c7ad6dd0d7c6caba141c5b1,naviar-care-studio/public/qa.html,Özgün içerik korundu
33,03_KAYNAK_v0.4.0/public/qa.js,03_KAYNAK_v0.4.0,111,6505384ecc8d9077e7d0505ad4a6edf6c92781a3b87eadee87d6cd009e07a7a7,naviar-care-studio/public/qa.js,Özgün içerik korundu
34,03_KAYNAK_v0.4.0/public/render.js,03_KAYNAK_v0.4.0,8148,53d2ba06d944e7759085288861170c96227a1515b9b1691f057a7ebabd160c08,naviar-care-studio/public/render.js,Özgün içerik korundu
35,03_KAYNAK_v0.4.0/public/robots.txt,03_KAYNAK_v0.4.0,26,331ea9090db0c9f6f597bd9840fd5b171830f6e0b3ba1cb24dfa91f0c95aedc1,naviar-care-studio/public/robots.txt,Özgün içerik korundu
36,03_KAYNAK_v0.4.0/public/styles.css,03_KAYNAK_v0.4.0,15979,3b805fc636e833ebeb66a93d600fa355b5748ac981a9314f31f45d8b604f0843,naviar-care-studio/public/styles.css,Özgün içerik korundu
37,03_KAYNAK_v0.4.0/server.mjs,03_KAYNAK_v0.4.0,8363,be7f77de1b7384009662aedcc630878bc82ee6bbecf55a4680dc5aed3534ef25,naviar-care-studio/server.mjs,Özgün içerik korundu
38,03_KAYNAK_v0.4.0/src/domain.mjs,03_KAYNAK_v0.4.0,4243,7ff77e66b54246cbdaa38ba87fab7289c026e98f080064b88ddb43fee5767d1e,naviar-care-studio/src/domain.mjs,Özgün içerik korundu
39,03_KAYNAK_v0.4.0/src/providers.mjs,03_KAYNAK_v0.4.0,3310,5e27923f7760263c3a7a4bcfd4ccabaa6ad27c5fed300161df4467225498f315,naviar-care-studio/src/providers.mjs,Özgün içerik korundu
40,03_KAYNAK_v0.4.0/src/store.mjs,03_KAYNAK_v0.4.0,9316,6ea5c4b84516e6424786df8a8baea2803ee7b487820804ffa57c39aa6193e3bd,naviar-care-studio/src/store.mjs,Özgün içerik korundu
41,03_KAYNAK_v0.4.0/tests/journey.test.mjs,03_KAYNAK_v0.4.0,2250,62c3cec10f16e71a1b9ddac914be243cf0642b261719fefbc649f8af60c54d0a,naviar-care-studio/tests/journey.test.mjs,Özgün içerik korundu
42,03_KAYNAK_v0.4.0/tests/system.test.mjs,03_KAYNAK_v0.4.0,10197,0790c00cf7f947843e9692ce3e0d3a7ac65a479b92a0c01701bf9bd0cca65146,naviar-care-studio/tests/system.test.mjs,Özgün içerik korundu
43,03_KAYNAK_v0.4.0/vercel.json,03_KAYNAK_v0.4.0,421,c6bd8e5ae990d9e83da13afb1de77293a4bb3e7cf876ab78d9e0a4a478d98b2a,naviar-care-studio/vercel.json,Özgün içerik korundu
44,04_ONCEKI_SURUM_v0.3.0/NAVIAR-CARE_P-011_COOKIE1_KAYNAK_v0.3.0.zip,04_ONCEKI_SURUM_v0.3.0,131684,cf891ffdd3d3e7c0f7a0d7cbbd707b58a184422c0c4fdc2c0504cb89a271b6b1,/NAVIAR CARE/04_WEB_KAYNAKLARI/DRAFT-NC-COOKIE1_2026-09-05/NAVIAR-CARE_P-011_COOKIE1_KAYNAK_v0.3.0.zip,Özgün içerik korundu
45,04_ONCEKI_SURUM_v0.3.0/NAVIAR-CARE_P-011_COOKIE1_ONIZLEME.html,04_ONCEKI_SURUM_v0.3.0,80570,de3c28bfd4fc02c1005d6862c3b5ffa0386a811d06bce3f03c692890ad9e47bb,/NAVIAR CARE/04_WEB_KAYNAKLARI/DRAFT-NC-COOKIE1_2026-09-05/NAVIAR-CARE_P-011_COOKIE1_ONIZLEME.html,Özgün içerik korundu
46,04_ONCEKI_SURUM_v0.3.0/NAVIAR-CARE_TESLIM_RAPORU.md,04_ONCEKI_SURUM_v0.3.0,4412,fab554fe02626cf9ca3b803955aaccbcffa64e9072345abe54e3572a1d54d23a,/NAVIAR CARE/04_WEB_KAYNAKLARI/DRAFT-NC-COOKIE1_2026-09-05/NAVIAR-CARE_TESLIM_RAPORU.md,Özgün içerik korundu
47,05_KANIT_VE_KAYITLAR/NAVIAR-CARE_Arsiv-Kaydi_2026-09-05.md,05_KANIT_VE_KAYITLAR,2514,51b963fa4e51927308669ce0cdb536dbfe38b80c52b27529a1807a9bc3af95ec,/NAVIAR CARE/05_ARSIV_2026-09-05/NAVIAR-CARE_Arsiv-Kaydi_2026-09-05.md,Özgün içerik korundu
48,05_KANIT_VE_KAYITLAR/NAVIAR-CARE_P-011_STUDIO_KAYNAK_v0.4.0.zip,05_KANIT_VE_KAYITLAR,150413,761b8b32fffc7a9e1fd335a298d321666c508766461e23848125d1189e79f5e4,/NAVIAR-CARE_P-011_STUDIO_KAYNAK_v0.4.0.zip,Özgün içerik korundu
49,05_KANIT_VE_KAYITLAR/NAVIAR-CARE_P-011_STUDIO_RAPORU.md,05_KANIT_VE_KAYITLAR,15222,2267777fb635af7411079d05209b9fa896dc27bbb25d00aa9f8c4f2c909f57b0,/NAVIAR-CARE_P-011_STUDIO_RAPORU.md,Özgün içerik korundu
50,05_KANIT_VE_KAYITLAR/NAVIAR-CARE_PROJE-DUZENI.md,05_KANIT_VE_KAYITLAR,16769,c0b7300682f6ef65c960947468acfc26f587a0d9f7509b3a53e842012e18e9e4,/NAVIAR CARE/NAVIAR-CARE_PROJE-DUZENI.md,Özgün içerik korundu
51,05_KANIT_VE_KAYITLAR/P-011_COOKIE1_Arsiv_Dogrulama.json,05_KANIT_VE_KAYITLAR,625,54aca4537764fcb14c0242dcf4026a09aaf7527b8f318ea624877d9166d2883f,Bu arşiv turunda üretildi,Yeni belge / envanter
52,05_KANIT_VE_KAYITLAR/P-011_COOKIE1_Arsiv_Test_Tekrari.txt,05_KANIT_VE_KAYITLAR,1804,5030fd133dfbb2b97fcb4de38645145c5ce74d824bd2564e2cd3fab56579aa59,Bu arşiv turunda üretildi,Yeni belge / envanter
53,05_KANIT_VE_KAYITLAR/P-011_COOKIE1_Kaynak_Izi.json,05_KANIT_VE_KAYITLAR,18744,406e41cfe5991783c536c301d73eedfd3116cbcddd1cc750d560878b23bc62d1,Bu arşiv turunda üretildi,Yeni belge / envanter
54,05_KANIT_VE_KAYITLAR/P-011_DURUM_VE_KAYNAKLAR_2026-09-05.md,05_KANIT_VE_KAYITLAR,2812,bee9c6a101f49d895d81e505c9c3f07635d39b0aa85871166123b41d4649e0c1,/NAVIAR CARE/P-011_NAVIAR_CARE/P-011_DURUM_VE_KAYNAKLAR_2026-09-05.md,Özgün içerik korundu
55,05_KANIT_VE_KAYITLAR/P-011_NAVIAR_CARE.md,05_KANIT_VE_KAYITLAR,1420,053ba85cbc7be3a029954df031b9b90f2fc824565d326ece623cd17ab449f25c,/NAVIAR CARE/01_BELGELER/P-011_NAVIAR_CARE.md,Özgün içerik korundu
56,06_ICERIK_VE_API/P-011_COOKIE1_API_Envanteri.csv,06_ICERIK_VE_API,1410,95a697c5268a28e67bef91e62b3c58ead0ec34b5e27f35e135f75eb387ee0c96,Bu arşiv turunda üretildi,Yeni belge / envanter
57,06_ICERIK_VE_API/P-011_COOKIE1_Icerik_NB-EN-TR.csv,06_ICERIK_VE_API,26681,00e10724f5131bd741bcacd79a4fe242f967c65e27a88a5a5fc9ab988868d2ae,Bu arşiv turunda üretildi,Yeni belge / envanter
